map_slug,department,faculty,scholar_id
map-of-bme,Biomedical Engineering,Abbott,xSMEGpAAAAAJ
map-of-bme,Biomedical Engineering,Campbell,CxBBWlIAAAAJ
map-of-bme,Biomedical Engineering,Chalacheva,
map-of-bme,Biomedical Engineering,Chase,H-pgq9QAAAAJ
map-of-bme,Biomedical Engineering,Cohen-Karni,7dey80AAAAAJ
map-of-bme,Biomedical Engineering,Cook,sAdoeA8AAAAJ
map-of-bme,Biomedical Engineering,Feinberg,cncJ21oAAAAJ
map-of-bme,Biomedical Engineering,Hammal,
map-of-bme,Biomedical Engineering,He,vBhJwrkAAAAJ
map-of-bme,Biomedical Engineering,Kainerstorfer,QsY8HmEAAAAJ
map-of-bme,Biomedical Engineering,Moore,XEMsPO8AAAAJ
map-of-bme,Biomedical Engineering,Niepa,aYUS1DkAAAAJ
map-of-bme,Biomedical Engineering,Palchesko,LyK-4aEAAAAJ
map-of-bme,Biomedical Engineering,Ren,xJrrWmQAAAAJ
map-of-bme,Biomedical Engineering,Smith,mhi9LhkAAAAJ
map-of-bme,Biomedical Engineering,Szafron,gbVHsS0AAAAJ
map-of-bme,Biomedical Engineering,Wang,E2N0GsIAAAAJ
map-of-bme,Biomedical Engineering,Washburn,ctYLFRIAAAAJ
map-of-bme,Biomedical Engineering,Wayne,_7HjzLYAAAAJ
map-of-bme,Biomedical Engineering,Wood,qC52bkkAAAAJ
map-of-bme,Biomedical Engineering,BYu,Fz3_tukAAAAJ
map-of-bme,Biomedical Engineering,KYu,wP966k4AAAAJ
map-of-bme,Biomedical Engineering,Zapanta,
map-of-bme,Biomedical Engineering,Zheng,5EewAB0AAAAJ
map-of-cheme,Chemical Engineering,Anna,2u09mlAAAAAJ
map-of-cheme,Chemical Engineering,BeckwithMaddock,
map-of-cheme,Chemical Engineering,Biegler,ymFxqWQAAAAJ
map-of-cheme,Chemical Engineering,Chan,Pstgk60AAAAJ
map-of-cheme,Chemical Engineering,Donahue,ILambBMAAAAJ
map-of-cheme,Chemical Engineering,Gellman,ZejbkR4AAAAJ
map-of-cheme,Chemical Engineering,Gomes,ILac8DwAAAAJ
map-of-cheme,Chemical Engineering,Gordon,AqrJMYIAAAAJ
map-of-cheme,Chemical Engineering,Gounaris,CINe7CgAAAAJ
map-of-cheme,Chemical Engineering,Grossman,fiZryxEAAAAJ
map-of-cheme,Chemical Engineering,Jen,c8e3DUMAAAAJ
map-of-cheme,Chemical Engineering,Khair,PInIkl8AAAAJ
map-of-cheme,Chemical Engineering,Kitchin,jD_4h7sAAAAJ
map-of-cheme,Chemical Engineering,Laird,0B3gfuoAAAAJ
map-of-cheme,Chemical Engineering,Niepa,aYUS1DkAAAAJ
map-of-cheme,Chemical Engineering,Panagakos,pk31kMgAAAAJ
map-of-cheme,Chemical Engineering,Robinson,NnIC2iAAAAAJ
map-of-cheme,Chemical Engineering,Schneider,amrrCWAAAAAJ
map-of-cheme,Chemical Engineering,Tilton,LNwlI-8AAAAJ
map-of-cheme,Chemical Engineering,Torres,8xQ5wR4AAAAJ
map-of-cheme,Chemical Engineering,Ulissi,E0tlVgQAAAAJ
map-of-cheme,Chemical Engineering,Wayne,_7HjzLYAAAAJ
map-of-cheme,Chemical Engineering,Whitehead,zKKBwB4AAAAJ
map-of-civil,Civil & Environmental Engineering,Acharya,lRpngMEAAAAJ
map-of-civil,Civil & Environmental Engineering,Adams,
map-of-civil,Civil & Environmental Engineering,Akinci,5VQf2cgAAAAJ
map-of-civil,Civil & Environmental Engineering,Berges,b7XUPaQAAAAJ
map-of-civil,Civil & Environmental Engineering,Christian,
map-of-civil,Civil & Environmental Engineering,Coffelt,0oI3MWkAAAAJ
map-of-civil,Civil & Environmental Engineering,Cohon,
map-of-civil,Civil & Environmental Engineering,Dayal,DquTIDQAAAAJ
map-of-civil,Civil & Environmental Engineering,Fakhreddine,Uz5IxwgAAAAJ
map-of-civil,Civil & Environmental Engineering,Finger,C-rJaTIAAAAJ
map-of-civil,Civil & Environmental Engineering,Flanigan,sdeRYSMAAAAJ
map-of-civil,Civil & Environmental Engineering,Gregory,vlworSwAAAAJ
map-of-civil,Civil & Environmental Engineering,Harper,79Ml-9YAAAAJ
map-of-civil,Civil & Environmental Engineering,Lowry,gFZ3W5wAAAAJ
map-of-civil,Civil & Environmental Engineering,Moore,w4L5vaEAAAAJ
map-of-civil,Civil & Environmental Engineering,Nock,PSZN_hMAAAAJ
map-of-civil,Civil & Environmental Engineering,Ozis,
map-of-civil,Civil & Environmental Engineering,Pozzi,NldhiuYAAAAJ
map-of-civil,Civil & Environmental Engineering,Qian,i8vD3O0AAAAJ
map-of-civil,Civil & Environmental Engineering,Rounce,VcbkS6UAAAAJ
map-of-civil,Civil & Environmental Engineering,Wang,VH21b7cAAAAJ
map-of-civil,Civil & Environmental Engineering,Tang,U43hPn8AAAAJ
map-of-ece,Electrical & Computer Engineering,Allstot,
map-of-ece,Electrical & Computer Engineering,Amvrosiadis,ygiY7C8AAAAJ
map-of-ece,Electrical & Computer Engineering,Bain,Ktm9tWwAAAAJ
map-of-ece,Electrical & Computer Engineering,Barr von Oehsen,
map-of-ece,Electrical & Computer Engineering,Bauer,5cJzDZEAAAAJ
map-of-ece,Electrical & Computer Engineering,Benson,55B-xqUAAAAJ
map-of-ece,Electrical & Computer Engineering,Bhagavatula,
map-of-ece,Electrical & Computer Engineering,Blanton,
map-of-ece,Electrical & Computer Engineering,Brumley,O-29z5AAAAAJ
map-of-ece,Electrical & Computer Engineering,Budnik,RYA0zwUAAAAJ
map-of-ece,Electrical & Computer Engineering,Carley,
map-of-ece,Electrical & Computer Engineering,Chamanzar,gnEgtr8AAAAJ
map-of-ece,Electrical & Computer Engineering,Chan,dpyzXwMAAAAJ
map-of-ece,Electrical & Computer Engineering,BChen,jCNJhFcAAAAJ
map-of-ece,Electrical & Computer Engineering,VChen,hkAq-IIAAAAJ
map-of-ece,Electrical & Computer Engineering,Chi,h1NXfKYAAAAJ
map-of-ece,Electrical & Computer Engineering,Dandin,mjixDB8AAAAJ
map-of-ece,Electrical & Computer Engineering,Erdogmus,4PU5ZFYV-iEC
map-of-ece,Electrical & Computer Engineering,Fanti,Rn_BmTYAAAAJ
map-of-ece,Electrical & Computer Engineering,Fedder,JOMYt6gAAAAJ
map-of-ece,Electrical & Computer Engineering,Franchetti,SHcIvuoAAAAJ
map-of-ece,Electrical & Computer Engineering,Ganger,l6oz33MAAAAJ
map-of-ece,Electrical & Computer Engineering,Gibbons,F9kqUXkAAAAJ
map-of-ece,Electrical & Computer Engineering,Gligor,
map-of-ece,Electrical & Computer Engineering,Grover,hklOXvkAAAAJ
map-of-ece,Electrical & Computer Engineering,Hoe,ZnRhcFUAAAAJ
map-of-ece,Electrical & Computer Engineering,Jia,yjJPtE4AAAAJ
map-of-ece,Electrical & Computer Engineering,JoeWong,XEztdZgAAAAJ
map-of-ece,Electrical & Computer Engineering,Joshi,yqIoH34AAAAJ
map-of-ece,Electrical & Computer Engineering,Kar,
map-of-ece,Electrical & Computer Engineering,Kesden,
map-of-ece,Electrical & Computer Engineering,Kim,
map-of-ece,Electrical & Computer Engineering,Koopman,DFtapYEAAAAJ
map-of-ece,Electrical & Computer Engineering,Kumar,WfaqxlgAAAAJ
map-of-ece,Electrical & Computer Engineering,Li,yafW7KUAAAAJ
map-of-ece,Electrical & Computer Engineering,Low,hlh0cocAAAAJ
map-of-ece,Electrical & Computer Engineering,Lucia,a9T7i5QAAAAJ
map-of-ece,Electrical & Computer Engineering,Mai,-syEyyAAAAAJ
map-of-ece,Electrical & Computer Engineering,Mayer,-x16PXsAAAAJ
map-of-ece,Electrical & Computer Engineering,Morgan,zQluaMIAAAAJ
map-of-ece,Electrical & Computer Engineering,Moura,qoFYHTMAAAAJ
map-of-ece,Electrical & Computer Engineering,Mukherjee,
map-of-ece,Electrical & Computer Engineering,Nace,
map-of-ece,Electrical & Computer Engineering,Nakahira,jnmyOEYAAAAJ
map-of-ece,Electrical & Computer Engineering,Narasimhan,qyPWUBcAAAAJ
map-of-ece,Electrical & Computer Engineering,Negi,ppVNXUsAAAAJ
map-of-ece,Electrical & Computer Engineering,OHallaron,738WppcAAAAJ
map-of-ece,Electrical & Computer Engineering,Parno,kTTBpJkAAAAJ
map-of-ece,Electrical & Computer Engineering,Piazza,K98bfxEAAAAJ
map-of-ece,Electrical & Computer Engineering,Pileggi,Mm-vQM8AAAAJ
map-of-ece,Electrical & Computer Engineering,Peraire,F8Tqw_kAAAAJ
map-of-ece,Electrical & Computer Engineering,Qu,oFIXoy8AAAAJ
map-of-ece,Electrical & Computer Engineering,Rajkumar,6JU9KqgAAAAJ
map-of-ece,Electrical & Computer Engineering,Rawn,wVMHcqoAAAAJ
map-of-ece,Electrical & Computer Engineering,Rowe,
map-of-ece,Electrical & Computer Engineering,Sanders,FClnlsgAAAAJ
map-of-ece,Electrical & Computer Engineering,Sankaranarayanan,UtIervAAAAAJ
map-of-ece,Electrical & Computer Engineering,Savvides,mWpu_ooAAAAJ
map-of-ece,Electrical & Computer Engineering,Sekar,5V852JcAAAAJ
map-of-ece,Electrical & Computer Engineering,Shen,pARKzQsAAAAJ
map-of-ece,Electrical & Computer Engineering,Shi,rejzeocAAAAJ
map-of-ece,Electrical & Computer Engineering,Skirpan,6IvhxBkAAAAJ
map-of-ece,Electrical & Computer Engineering,Smailagic,qMCGI94AAAAJ
map-of-ece,Electrical & Computer Engineering,da Silva Sousa,Fl1qHEAAAAAJ
map-of-ece,Electrical & Computer Engineering,Srimani,NVcyQ3wAAAAJ
map-of-ece,Electrical & Computer Engineering,Sriraman,
map-of-ece,Electrical & Computer Engineering,Steenkiste,DK7TEvkAAAAJ
map-of-ece,Electrical & Computer Engineering,Stern,ffUu1PcAAAAJ
map-of-ece,Electrical & Computer Engineering,Tonguz,
map-of-ece,Electrical & Computer Engineering,Towe,
map-of-ece,Electrical & Computer Engineering,Sullivan,
map-of-ece,Electrical & Computer Engineering,Wahby,cwIxVGgAAAAJ
map-of-ece,Electrical & Computer Engineering,Wlodarski,
map-of-ece,Electrical & Computer Engineering,Yagan,XtTBo1AAAAAJ
map-of-ece,Electrical & Computer Engineering,Youssfi,
map-of-ece,Electrical & Computer Engineering,Yu,Fz3_tukAAAAJ
map-of-ece,Electrical & Computer Engineering,Zajdel,XDT0iaUAAAAJ
map-of-ece,Electrical & Computer Engineering,Zheng,5EewAB0AAAAJ
map-of-ece,Electrical & Computer Engineering,Zhang,
map-of-ece,Electrical & Computer Engineering,Zhu,
map-of-epp,Engineering & Public Policy,Adams,
map-of-epp,Engineering & Public Policy,Brown,8q_lPBoAAAAJ
map-of-epp,Engineering & Public Policy,Christin,X5buTmMAAAAJ
map-of-epp,Engineering & Public Policy,Cohon,
map-of-epp,Engineering & Public Policy,Combemale,EoRxB3gAAAAJ
map-of-epp,Engineering & Public Policy,Cranor,kIUqgbcAAAAJ
map-of-epp,Engineering & Public Policy,Ferreira,zWAt8DYAAAAJ
map-of-epp,Engineering & Public Policy,Fischbeck,
map-of-epp,Engineering & Public Policy,Fischhoff,GxvFzdcAAAAJ
map-of-epp,Engineering & Public Policy,Fuchs,
map-of-epp,Engineering & Public Policy,Jaramillo,lSgFdtIAAAAJ
map-of-epp,Engineering & Public Policy,Karplus,dJSe9EUAAAAJ
map-of-epp,Engineering & Public Policy,Matthews,
map-of-epp,Engineering & Public Policy,Michalek,92jyX2EAAAAJ
map-of-epp,Engineering & Public Policy,Morgan,zQluaMIAAAAJ
map-of-epp,Engineering & Public Policy,Muller,
map-of-epp,Engineering & Public Policy,Nock,PSZN_hMAAAAJ
map-of-epp,Engineering & Public Policy,Peha,uhIGX-MAAAAJ
map-of-epp,Engineering & Public Policy,Sioshansi,pBEw09IAAAAJ
map-of-epp,Engineering & Public Policy,Sirbu,adJ32iMAAAAJ
map-of-epp,Engineering & Public Policy,Whitacre,NIaQAAUAAAAJ
map-of-epp,Engineering & Public Policy,Whitefoot,3W2VK5sAAAAJ
map-of-epp,Engineering & Public Policy,Yu,
map-of-iii,Integrated Innovation Institute,Abovyan,
map-of-iii,Integrated Innovation Institute,Anglin,
map-of-iii,Integrated Innovation Institute,Ayoob,
map-of-iii,Integrated Innovation Institute,Bodily,
map-of-iii,Integrated Innovation Institute,Corder,
map-of-iii,Integrated Innovation Institute,Dai,
map-of-iii,Integrated Innovation Institute,Dobson,
map-of-iii,Integrated Innovation Institute,Evans,iA6lDVMAAAAJ
map-of-iii,Integrated Innovation Institute,Fang,
map-of-iii,Integrated Innovation Institute,Gemperle,
map-of-iii,Integrated Innovation Institute,Guidi,
map-of-iii,Integrated Innovation Institute,Hershberger,
map-of-iii,Integrated Innovation Institute,Hindsbo,
map-of-iii,Integrated Innovation Institute,Kirmayer,
map-of-iii,Integrated Innovation Institute,Lamont,
map-of-iii,Integrated Innovation Institute,Marchetti,
map-of-iii,Integrated Innovation Institute,Mercier,
map-of-iii,Integrated Innovation Institute,Miller,
map-of-iii,Integrated Innovation Institute,Mohan,w3_2J7EAAAAJ
map-of-iii,Integrated Innovation Institute,Montalvo,
map-of-iii,Integrated Innovation Institute,Murphy,
map-of-iii,Integrated Innovation Institute,Ott,
map-of-iii,Integrated Innovation Institute,Rot,
map-of-iii,Integrated Innovation Institute,Saadati,
map-of-iii,Integrated Innovation Institute,Saunders,
map-of-iii,Integrated Innovation Institute,Shaikh,
map-of-iii,Integrated Innovation Institute,Slesinger,
map-of-iii,Integrated Innovation Institute,Smith,QXSGNWkAAAAJ
map-of-iii,Integrated Innovation Institute,Sudgen,
map-of-iii,Integrated Innovation Institute,Taborga,
map-of-iii,Integrated Innovation Institute,Thomas,
map-of-iii,Integrated Innovation Institute,Woolsey,
map-of-iii,Integrated Innovation Institute,Zlotnikov,
map-of-ini,Information Networking Institute,Bustamante,RH_0tmMAAAAJ
map-of-ini,Information Networking Institute,Farag,
map-of-ini,Information Networking Institute,Hibshi,6p23pUgAAAAJ
map-of-ini,Information Networking Institute,Jacobson,
map-of-ini,Information Networking Institute,Kuo,
map-of-ini,Information Networking Institute,Peca,1mNkJwgAAAAJ
map-of-ini,Information Networking Institute,Tague,OiDWDQUAAAAJ
map-of-ini,Information Networking Institute,Telang,
map-of-ini,Information Networking Institute,Varodayan,kyxpmt8AAAAJ
map-of-cmu-silicon-valley,CMU Silicon Valley,Anglin,
map-of-cmu-silicon-valley,CMU Silicon Valley,daSilvaSousa,Fl1qHEAAAAAJ
map-of-cmu-silicon-valley,CMU Silicon Valley,Dai,
map-of-cmu-silicon-valley,CMU Silicon Valley,Erdogmus,4PU5ZFYV-iEC
map-of-cmu-silicon-valley,CMU Silicon Valley,Evans,iA6lDVMAAAAJ
map-of-cmu-silicon-valley,CMU Silicon Valley,Fang,
map-of-cmu-silicon-valley,CMU Silicon Valley,Jacobson,
map-of-cmu-silicon-valley,CMU Silicon Valley,Kirmayer,
map-of-cmu-silicon-valley,CMU Silicon Valley,Kuo,
map-of-cmu-silicon-valley,CMU Silicon Valley,Mercier,
map-of-cmu-silicon-valley,CMU Silicon Valley,Miller,
map-of-cmu-silicon-valley,CMU Silicon Valley,Mohan,w3_2J7EAAAAJ
map-of-cmu-silicon-valley,CMU Silicon Valley,Ott,
map-of-cmu-silicon-valley,CMU Silicon Valley,Peraire,F8Tqw_kAAAAJ
map-of-cmu-silicon-valley,CMU Silicon Valley,Root,
map-of-cmu-silicon-valley,CMU Silicon Valley,Shaikh,
map-of-cmu-silicon-valley,CMU Silicon Valley,Shen,pARKzQsAAAAJ
map-of-cmu-silicon-valley,CMU Silicon Valley,Taborga,
map-of-cmu-silicon-valley,CMU Silicon Valley,Tague,OiDWDQUAAAAJ
map-of-cmu-silicon-valley,CMU Silicon Valley,Thomas,
map-of-cmu-silicon-valley,CMU Silicon Valley,Varodayan,kyxpmt8AAAAJ
map-of-cmu-silicon-valley,CMU Silicon Valley,Wlodarski,
map-of-cmu-africa,CMU-Africa,Bauer,5cJzDZEAAAAJ
map-of-cmu-africa,CMU-Africa,Bezy,LNMV_6IAAAAJ
map-of-cmu-africa,CMU-Africa,Biyabani,
map-of-cmu-africa,CMU-Africa,Brown,8q_lPBoAAAAJ
map-of-cmu-africa,CMU-Africa,Busogi,TEMlkDMAAAAJ
map-of-cmu-africa,CMU-Africa,DeSantis,jT2YySMAAAAJ
map-of-cmu-africa,CMU-Africa,Gueye,AgCgDcUAAAAJ
map-of-cmu-africa,CMU-Africa,Kairu,
map-of-cmu-africa,CMU-Africa,Lee,
map-of-cmu-africa,CMU-Africa,Luhanga,KZ5QmxQAAAAJ
map-of-cmu-africa,CMU-Africa,McSharry,0bg-uVgAAAAJ
map-of-cmu-africa,CMU-Africa,Mugume,LMW7_-YAAAAJ
map-of-cmu-africa,CMU-Africa,Mukamakuza,rVFrmkQAAAAJ
map-of-cmu-africa,CMU-Africa,Ndashimye,6y_k3EgAAAAJ
map-of-cmu-africa,CMU-Africa,Ndibwile,tRmAOagAAAAJ
map-of-cmu-africa,CMU-Africa,Niyizamwiyitira,7uodSIcAAAAJ
map-of-cmu-africa,CMU-Africa,Okeyo,oyaImDQAAAAJ
map-of-cmu-africa,CMU-Africa,Perkins,
map-of-cmu-africa,CMU-Africa,APierce,
map-of-cmu-africa,CMU-Africa,HPierce,
map-of-cmu-africa,CMU-Africa,Racz,_ZWLAHkAAAAJ
map-of-cmu-africa,CMU-Africa,Ramakrishnan,
map-of-cmu-africa,CMU-Africa,Rawn,wVMHcqoAAAAJ
map-of-cmu-africa,CMU-Africa,Thompson,
map-of-cmu-africa,CMU-Africa,Thornburg,vVhcBXoAAAAJ
map-of-cmu-africa,CMU-Africa,Toerien,
map-of-cmu-africa,CMU-Africa,Tucker,8N6uFIkAAAAJ
map-of-cmu-africa,CMU-Africa,Umuhoza,rcGIhfMAAAAJ
map-of-cmu-africa,CMU-Africa,Vernon,gcqbMxAAAAAJ
map-of-cmu-africa,CMU-Africa,Wiecha,wgrJnDgAAAAJ
map-of-mech,Mechanical Engineering,Aksak,UUvF5NkAAAAJ
map-of-mech,Mechanical Engineering,Farimani,aH52nxkAAAAJ
map-of-mech,Mechanical Engineering,Bedillion,UIS_G1YAAAAJ
map-of-mech,Mechanical Engineering,Bergbreiter,SU0c5P0AAAAJ
map-of-mech,Mechanical Engineering,Beuth,Zz3-zGQAAAAJ
map-of-mech,Mechanical Engineering,Bolmin,32ZyPkEAAAAJ
map-of-mech,Mechanical Engineering,Cagan,VtINcewAAAAJ
map-of-mech,Mechanical Engineering,de Boer,P1OWCkAAAAAJ
map-of-mech,Mechanical Engineering,Gomez,
map-of-mech,Mechanical Engineering,Grande Gutierrez,HzsuNvEAAAAJ
map-of-mech,Mechanical Engineering,Haidar,
map-of-mech,Mechanical Engineering,Halilaj,Fr9Vhe4AAAAJ
map-of-mech,Mechanical Engineering,Jayan,NNSeBe4AAAAJ
map-of-mech,Mechanical Engineering,Johnson,GN5Mc3UAAAAJ
map-of-mech,Mechanical Engineering,Jones,mI7VyEYAAAAJ
map-of-mech,Mechanical Engineering,Kang,jcgAPTYAAAAJ
map-of-mech,Mechanical Engineering,Kara,_X2eOeQAAAAJ
map-of-mech,Mechanical Engineering,LeDuc,sLEB9iYAAAAJ
map-of-mech,Mechanical Engineering,Litster,7zUqi1sAAAAJ
map-of-mech,Mechanical Engineering,Majidi,1LyndUsAAAAJ
map-of-mech,Mechanical Engineering,Malen,U8r6ir4AAAAJ
map-of-mech,Mechanical Engineering,McComb,0P9w_S0AAAAJ
map-of-mech,Mechanical Engineering,McGaughey,HmNtygkAAAAJ
map-of-mech,Mechanical Engineering,Michalek,92jyX2EAAAAJ
map-of-mech,Mechanical Engineering,Narra,LxF27NYAAAAJ
map-of-mech,Mechanical Engineering,Ogoke,wtuGC_wAAAAJ
map-of-mech,Mechanical Engineering,Ozdoganlar,F3UFKWMAAAAJ
map-of-mech,Mechanical Engineering,Panat,y1-WJhYAAAAJ
map-of-mech,Mechanical Engineering,Presto,4iYpwt8AAAAJ
map-of-mech,Mechanical Engineering,Rabin,INTSXtcAAAAJ
map-of-mech,Mechanical Engineering,Shen,9KtTt28AAAAJ
map-of-mech,Mechanical Engineering,Shimada,pgcK25AAAAAJ
map-of-mech,Mechanical Engineering,Singh,lViJAdQAAAAJ
map-of-mech,Mechanical Engineering,Sullivan,wXSgFr4AAAAJ
map-of-mech,Mechanical Engineering,Taylor,eDzzGUQAAAAJ
map-of-mech,Mechanical Engineering,Tucker,8N6uFIkAAAAJ
map-of-mech,Mechanical Engineering,Wang,VPWy3N8AAAAJ
map-of-mech,Mechanical Engineering,Weber,7iFu3a4AAAAJ
map-of-mech,Mechanical Engineering,Webster-Wood,jW3whJYAAAAJ
map-of-mech,Mechanical Engineering,Whitefoot,3W2VK5sAAAAJ
map-of-mech,Mechanical Engineering,Zhao,z7tPc9IAAAAJ
map-of-mech,Mechanical Engineering,Zhang,dzHYBKcAAAAJ
map-of-mse,Materials Science & Engineering,Bettinger,XKp8JuwAAAAJ
map-of-mse,Materials Science & Engineering,Bockstaller,VQJVBdMAAAAJ
map-of-mse,Materials Science & Engineering,Cohen-Karni,7dey80AAAAAJ
map-of-mse,Materials Science & Engineering,DeGraef,ZTnog9YAAAAJ
map-of-mse,Materials Science & Engineering,Dickey,0P7IAs8AAAAJ
map-of-mse,Materials Science & Engineering,Feinberg,cncJ21oAAAAJ
map-of-mse,Materials Science & Engineering,Heard,ZdkogE8AAAAJ
map-of-mse,Materials Science & Engineering,Islam,SL5tv4gAAAAJ
map-of-mse,Materials Science & Engineering,Krause,l5EsegcAAAAJ
map-of-mse,Materials Science & Engineering,Kurchin,CSHe53oAAAAJ
map-of-mse,Materials Science & Engineering,Marom,iz8reBoAAAAJ
map-of-mse,Materials Science & Engineering,Mayer,-x16PXsAAAAJ
map-of-mse,Materials Science & Engineering,McHenry,jtorb88AAAAJ
map-of-mse,Materials Science & Engineering,O'Connor,asQ8ccIAAAAJ
map-of-mse,Materials Science & Engineering,Pistorius,oP6n73gAAAAJ
map-of-mse,Materials Science & Engineering,Porter,RrSOHq8AAAAJ
map-of-mse,Materials Science & Engineering,Rohrer,eLe4eJEAAAAJ
map-of-mse,Materials Science & Engineering,Rollett,K5ja68wAAAAJ
map-of-mse,Materials Science & Engineering,Salvador,vO15bQkAAAAJ
map-of-mse,Materials Science & Engineering,Skowronski,IFFsG-oAAAAJ
map-of-mse,Materials Science & Engineering,Sokalski,NmnYW7cAAAAJ
map-of-mse,Materials Science & Engineering,Taheri-Mousavi,G5ZrIsIAAAAJ
map-of-mse,Materials Science & Engineering,Towe,
map-of-mse,Materials Science & Engineering,Webler,MFLMm8YAAAAJ
map-of-mse,Materials Science & Engineering,Whitacre,NIaQAAUAAAAJ
