person_id,map_slug,role,included,legacy_label,source_url,verified_at
person-abbott-afe0d8df,map-of-bme,faculty,true,Abbott,https://www.cmu.edu/bme/People/Faculty/,2026-07-17
person-abigailnoyce-54e781b2,map-of-bme,faculty,true,Abigail Noyce,https://www.cmu.edu/bme/People/Faculty/,2026-07-17
person-alisonbarth-1f2afa5b,map-of-bme,courtesy,false,Alison Barth,https://www.cmu.edu/bme/People/Faculty/,2026-07-17
person-andreaspfenning-fa0e2f90,map-of-bme,courtesy,false,Andreas Pfenning,https://www.cmu.edu/bme/People/Faculty/,2026-07-17
person-aryngittis-ab7517dd,map-of-bme,courtesy,false,Aryn Gittis,https://www.cmu.edu/bme/People/Faculty/,2026-07-17
person-barbarashinncunningham-96d063b1,map-of-bme,courtesy,false,Barbara Shinn-Cunningham,https://www.cmu.edu/bme/People/Faculty/,2026-07-17
person-cameronnriviere-c8f5fc44,map-of-bme,courtesy,false,Cameron N. Riviere,https://www.cmu.edu/bme/People/Faculty/,2026-07-17
person-campbell-74479813,map-of-bme,faculty,true,Campbell,https://www.cmu.edu/bme/People/Faculty/,2026-07-17
person-chalacheva-f588853e,map-of-bme,teaching,true,Chalacheva,https://www.cmu.edu/bme/People/Faculty/,2026-07-17
person-chamanzar-94b70a7b,map-of-bme,courtesy,false,Maysam Chamanzar,https://www.cmu.edu/bme/People/Faculty/,2026-07-17
person-chase-dd29cfbd,map-of-bme,faculty,true,Chase,https://www.cmu.edu/bme/People/Faculty/,2026-07-17
person-cohen-karni-eb20363d,map-of-bme,faculty,true,Cohen-Karni,https://www.cmu.edu/bme/People/Faculty/,2026-07-17
person-cook-2d634c17,map-of-bme,faculty,true,Cook,https://www.cmu.edu/bme/People/Faculty/,2026-07-17
person-dandin-e72bd7be,map-of-bme,faculty,true,Marc Dandin,https://www.cmu.edu/bme/People/Faculty/,2026-07-17
person-dennistrumble-393317e1,map-of-bme,emeritus,true,Dennis Trumble,https://www.cmu.edu/bme/People/Faculty/,2026-07-17
person-derinsevenler-2dc79cdc,map-of-bme,faculty,true,Derin Sevenler,https://www.cmu.edu/bme/People/Faculty/,2026-07-17
person-douglasjweber-ffdf1a19,map-of-bme,faculty,true,Douglas J. Weber,https://www.cmu.edu/bme/People/Faculty/,2026-07-17
person-ericyttri-efbcbe2f,map-of-bme,courtesy,false,Eric Yttri,https://www.cmu.edu/bme/People/Faculty/,2026-07-17
person-fangweisi-54f4d242,map-of-bme,faculty,true,Fangwei Si,https://www.cmu.edu/bme/People/Faculty/,2026-07-17
person-farimani-2fc46be1,map-of-bme,courtesy,false,Amir Barati Farimani,https://www.cmu.edu/bme/People/Faculty/,2026-07-17
person-feinberg-095ac87b,map-of-bme,faculty,true,Feinberg,https://www.cmu.edu/bme/People/Faculty/,2026-07-17
person-garykfedder-4bea1509,map-of-bme,courtesy,false,Gary K. Fedder,https://www.cmu.edu/bme/People/Faculty/,2026-07-17
person-grande-gutierrez-657b0ef2,map-of-bme,courtesy,false,Noelia Grande Gutiérrez,https://www.cmu.edu/bme/People/Faculty/,2026-07-17
person-grover-6fe91ccb,map-of-bme,courtesy,false,Pulkit Grover,https://www.cmu.edu/bme/People/Faculty/,2026-07-17
person-halilaj-4332d0fd,map-of-bme,courtesy,false,Eni Halilaj,https://www.cmu.edu/bme/People/Faculty/,2026-07-17
person-hammal-2113d287,map-of-bme,faculty,true,Hammal,https://www.cmu.edu/bme/People/Faculty/,2026-07-17
person-hartmutgeyer-88f6fd3d,map-of-bme,courtesy,false,Hartmut Geyer,https://www.cmu.edu/bme/People/Faculty/,2026-07-17
person-he-26612aee,map-of-bme,faculty,true,He,https://www.cmu.edu/bme/People/Faculty/,2026-07-17
person-howiechoset-b577f971,map-of-bme,courtesy,false,Howie Choset,https://www.cmu.edu/bme/People/Faculty/,2026-07-17
person-jameswschneider-bd0927c3,map-of-bme,courtesy,false,James W. Schneider,https://www.cmu.edu/bme/People/Faculty/,2026-07-17
person-johngaleotti-37cb2f70,map-of-bme,courtesy,false,John Galeotti,https://www.cmu.edu/bme/People/Faculty/,2026-07-17
person-kainerstorfer-88fc8b68,map-of-bme,faculty,true,Kainerstorfer,https://www.cmu.edu/bme/People/Faculty/,2026-07-17
person-kathleenbieryla-87b2f53e,map-of-bme,courtesy,false,Kathleen Bieryla,https://www.cmu.edu/bme/People/Faculty/,2026-07-17
person-kathrynawhitehead-a7cb42d2,map-of-bme,courtesy,false,Kathryn A. Whitehead,https://www.cmu.edu/bme/People/Faculty/,2026-07-17
person-kyu-0bc062fa,map-of-bme,former,false,KYu,https://www.cmu.edu/bme/People/Faculty/,2026-07-17
person-lauramccann-e1bf8e0e,map-of-bme,teaching,true,Laura McCann,https://www.cmu.edu/bme/People/Faculty/,2026-07-17
person-majidi-278b8bf0,map-of-bme,courtesy,false,Carmel Majidi,https://www.cmu.edu/bme/People/Faculty/,2026-07-17
person-marceljust-0b02dca4,map-of-bme,faculty,true,Marcel Just,https://www.cmu.edu/bme/People/Faculty/,2026-07-17
person-michaelmdomach-f0eec98b,map-of-bme,courtesy,false,Michael M. Domach,https://www.cmu.edu/bme/People/Faculty/,2026-07-17
person-moore-b9db8492,map-of-bme,faculty,true,Moore,https://www.cmu.edu/bme/People/Faculty/,2026-07-17
person-niepa-0590e1cc,map-of-bme,faculty,true,Niepa,https://www.cmu.edu/bme/People/Faculty/,2026-07-17
person-oburakozdoganlar-e6585356,map-of-bme,faculty,true,O. Burak Ozdoganlar,https://www.cmu.edu/bme/People/Faculty/,2026-07-17
person-palchesko-804bc94c,map-of-bme,courtesy,false,Palchesko,https://www.cmu.edu/bme/People/Faculty/,2026-07-17
person-panat-b885e071,map-of-bme,faculty,true,Rahul Panat,https://www.cmu.edu/bme/People/Faculty/,2026-07-17
person-philiprleduc-0f44c586,map-of-bme,courtesy,false,Philip R. LeDuc,https://www.cmu.edu/bme/People/Faculty/,2026-07-17
person-rebeccaetaylor-7f134b32,map-of-bme,courtesy,false,Rebecca E. Taylor,https://www.cmu.edu/bme/People/Faculty/,2026-07-17
person-ren-505ace5d,map-of-bme,faculty,true,Ren,https://www.cmu.edu/bme/People/Faculty/,2026-07-17
person-robertdtilton-ddf75897,map-of-bme,faculty,true,Robert D. Tilton,https://www.cmu.edu/bme/People/Faculty/,2026-07-17
person-robinson-300d9df2,map-of-bme,faculty,true,Anne Skaja Robinson,https://www.cmu.edu/bme/People/Faculty/,2026-07-17
person-shimada-13cd6ff1,map-of-bme,courtesy,false,Kenji Shimada,https://www.cmu.edu/bme/People/Faculty/,2026-07-17
person-smith-dfd009a4,map-of-bme,faculty,true,Smith,https://www.cmu.edu/bme/People/Faculty/,2026-07-17
person-stefanieasydlik-a410343f,map-of-bme,courtesy,false,Stefanie A. Sydlik,https://www.cmu.edu/bme/People/Faculty/,2026-07-17
person-szafron-1290fc07,map-of-bme,courtesy,false,Szafron,https://www.cmu.edu/bme/People/Faculty/,2026-07-17
person-timothyverstynen-f3490551,map-of-bme,faculty,true,Timothy Verstynen,https://www.cmu.edu/bme/People/Faculty/,2026-07-17
person-tucker-dc4f5923,map-of-bme,faculty,true,Conrad Tucker,https://www.cmu.edu/bme/People/Faculty/,2026-07-17
person-wang-ebfb2368,map-of-bme,emeritus,true,Wang,https://www.cmu.edu/bme/People/Faculty/,2026-07-17
person-washburn-3a49d96a,map-of-bme,faculty,true,Washburn,https://www.cmu.edu/bme/People/Faculty/,2026-07-17
person-wayne-7ded72b5,map-of-bme,former,false,Wayne,https://www.cmu.edu/bme/People/Faculty/,2026-07-17
person-webster-wood-d2b08d26,map-of-bme,courtesy,false,Victoria Webster-Wood,https://www.cmu.edu/bme/People/Faculty/,2026-07-17
person-wood-0659efc9,map-of-bme,courtesy,false,Wood,https://www.cmu.edu/bme/People/Faculty/,2026-07-17
person-yongjiejessicazhang-5b7f2c04,map-of-bme,courtesy,false,Yongjie Jessica Zhang,https://www.cmu.edu/bme/People/Faculty/,2026-07-17
person-yongxinleonzhao-ee657c1e,map-of-bme,faculty,true,Yongxin (Leon) Zhao,https://www.cmu.edu/bme/People/Faculty/,2026-07-17
person-yu-f6b9b7db,map-of-bme,faculty,true,BYu,https://www.cmu.edu/bme/People/Faculty/,2026-07-17
person-zackoryerickson-7430abb2,map-of-bme,faculty,true,Zackory Erickson,https://www.cmu.edu/bme/People/Faculty/,2026-07-17
person-zapanta-5293b7b5,map-of-bme,teaching,true,Zapanta,https://www.cmu.edu/bme/People/Faculty/,2026-07-17
person-zeyneptemel-b869d8a9,map-of-bme,faculty,true,Zeynep Temel,https://www.cmu.edu/bme/People/Faculty/,2026-07-17
person-zheng-6b8a962f,map-of-bme,faculty,true,Zheng,https://www.cmu.edu/bme/People/Faculty/,2026-07-17
person-aisuluaitbekova-a920cf51,map-of-cheme,faculty,true,Aisulu Aitbekova,https://www.cheme.engineering.cmu.edu/directory/index.html,2026-07-17
person-alexandranewby-4fb2f25f,map-of-cheme,teaching,true,Alexandra Newby,https://www.cheme.engineering.cmu.edu/directory/index.html,2026-07-17
person-anna-cdbc7781,map-of-cheme,faculty,true,Anna,https://www.cheme.engineering.cmu.edu/directory/index.html,2026-07-17
person-annettejacobson-1594ecd4,map-of-cheme,emeritus,true,Annette Jacobson,https://www.cheme.engineering.cmu.edu/directory/index.html,2026-07-17
person-arthurwesterberg-30882d49,map-of-cheme,emeritus,true,Arthur Westerberg,https://www.cheme.engineering.cmu.edu/directory/index.html,2026-07-17
person-beckwithmaddock-1e5ef6fb,map-of-cheme,teaching,true,BeckwithMaddock,https://www.cheme.engineering.cmu.edu/directory/index.html,2026-07-17
person-berikydstie-775d9584,map-of-cheme,emeritus,true,B. Erik Ydstie,https://www.cheme.engineering.cmu.edu/directory/index.html,2026-07-17
person-biegler-a1415ed7,map-of-cheme,faculty,true,Biegler,https://www.cheme.engineering.cmu.edu/directory/index.html,2026-07-17
person-chan-2024b343,map-of-cheme,faculty,true,Chan,https://www.cheme.engineering.cmu.edu/directory/index.html,2026-07-17
person-derinsevenler-2dc79cdc,map-of-cheme,faculty,true,Derin Sevenler,https://www.cheme.engineering.cmu.edu/directory/index.html,2026-07-17
person-donahue-f4c5ce86,map-of-cheme,faculty,true,Donahue,https://www.cheme.engineering.cmu.edu/directory/index.html,2026-07-17
person-gellman-e67f2c1e,map-of-cheme,faculty,true,Gellman,https://www.cheme.engineering.cmu.edu/directory/index.html,2026-07-17
person-gomes-b0fceb89,map-of-cheme,faculty,true,Gomes,https://www.cheme.engineering.cmu.edu/directory/index.html,2026-07-17
person-gordon-36de3549,map-of-cheme,faculty,true,Gordon,https://www.cheme.engineering.cmu.edu/directory/index.html,2026-07-17
person-gounaris-41caf631,map-of-cheme,faculty,true,Gounaris,https://www.cheme.engineering.cmu.edu/directory/index.html,2026-07-17
person-grossman-4b111234,map-of-cheme,former,false,Grossman,https://www.cheme.engineering.cmu.edu/directory/index.html,2026-07-17
person-ignaciogrossmann-9820240a,map-of-cheme,faculty,true,Ignacio Grossmann,https://www.cheme.engineering.cmu.edu/directory/index.html,2026-07-17
person-jen-b71e73a9,map-of-cheme,faculty,true,Jen,https://www.cheme.engineering.cmu.edu/directory/index.html,2026-07-17
person-khair-ccd09f0b,map-of-cheme,faculty,true,Khair,https://www.cheme.engineering.cmu.edu/directory/index.html,2026-07-17
person-kitchin-430a3a16,map-of-cheme,faculty,true,Kitchin,https://www.cheme.engineering.cmu.edu/directory/index.html,2026-07-17
person-laird-31c02e10,map-of-cheme,faculty,true,Laird,https://www.cheme.engineering.cmu.edu/directory/index.html,2026-07-17
person-michaeldomach-3f5c4b8e,map-of-cheme,emeritus,true,Michael Domach,https://www.cheme.engineering.cmu.edu/directory/index.html,2026-07-17
person-myungjhon-172420d3,map-of-cheme,emeritus,true,Myung Jhon,https://www.cheme.engineering.cmu.edu/directory/index.html,2026-07-17
person-niepa-0590e1cc,map-of-cheme,faculty,true,Niepa,https://www.cheme.engineering.cmu.edu/directory/index.html,2026-07-17
person-panagakos-48889ebe,map-of-cheme,former,false,Panagakos,https://www.cheme.engineering.cmu.edu/directory/index.html,2026-07-17
person-paulsides-2aad7e27,map-of-cheme,emeritus,true,Paul Sides,https://www.cheme.engineering.cmu.edu/directory/index.html,2026-07-17
person-robinson-300d9df2,map-of-cheme,faculty,true,Robinson,https://www.cheme.engineering.cmu.edu/directory/index.html,2026-07-17
person-schneider-acb081c9,map-of-cheme,faculty,true,Schneider,https://www.cheme.engineering.cmu.edu/directory/index.html,2026-07-17
person-stevegaroff-22046197,map-of-cheme,emeritus,true,Steve Garoff,https://www.cheme.engineering.cmu.edu/directory/index.html,2026-07-17
person-susanasteppan-390a6ad0,map-of-cheme,emeritus,true,Susana Steppan,https://www.cheme.engineering.cmu.edu/directory/index.html,2026-07-17
person-tilton-3ee635e8,map-of-cheme,faculty,true,Tilton,https://www.cheme.engineering.cmu.edu/directory/index.html,2026-07-17
person-torres-f3047bdc,map-of-cheme,faculty,true,Torres,https://www.cheme.engineering.cmu.edu/directory/index.html,2026-07-17
person-ulissi-c727254a,map-of-cheme,former,false,Ulissi,https://www.cheme.engineering.cmu.edu/directory/index.html,2026-07-17
person-wayne-7ded72b5,map-of-cheme,former,false,Wayne,https://www.cheme.engineering.cmu.edu/directory/index.html,2026-07-17
person-whitehead-f74964e3,map-of-cheme,faculty,true,Whitehead,https://www.cheme.engineering.cmu.edu/directory/index.html,2026-07-17
person-acharya-76f65eb0,map-of-civil,faculty,true,Acharya,https://cee.engineering.cmu.edu/directory/index.html,2026-07-17
person-adams-a5b5ae86,map-of-civil,faculty,true,Adams,https://cee.engineering.cmu.edu/directory/index.html,2026-07-17
person-akinci-3e3b7cc1,map-of-civil,faculty,true,Akinci,https://cee.engineering.cmu.edu/directory/index.html,2026-07-17
person-berges-0174bc49,map-of-civil,faculty,true,Berges,https://cee.engineering.cmu.edu/directory/index.html,2026-07-17
person-chrishendrickson-c5d421c4,map-of-civil,emeritus,true,Chris Hendrickson,https://cee.engineering.cmu.edu/directory/index.html,2026-07-17
person-christian-a1f6caea,map-of-civil,teaching,true,Christian,https://cee.engineering.cmu.edu/directory/index.html,2026-07-17
person-coffelt-0feda5ba,map-of-civil,former,false,Coffelt,https://cee.engineering.cmu.edu/directory/index.html,2026-07-17
person-cohon-8a9512c6,map-of-civil,former,false,Cohon,https://cee.engineering.cmu.edu/directory/index.html,2026-07-17
person-costasamaras-5d34bb32,map-of-civil,faculty,true,Costa Samaras,https://cee.engineering.cmu.edu/directory/index.html,2026-07-17
person-damonweiss-bfc30ae1,map-of-civil,teaching,true,Damon Weiss,https://cee.engineering.cmu.edu/directory/index.html,2026-07-17
person-daviddzombak-bbc748e3,map-of-civil,emeritus,true,David Dzombak,https://cee.engineering.cmu.edu/directory/index.html,2026-07-17
person-dayal-b41ee56d,map-of-civil,faculty,true,Dayal,https://cee.engineering.cmu.edu/directory/index.html,2026-07-17
person-donaldcoffeltpe-08cca73f,map-of-civil,adjunct,false,"Donald Coffelt, P.E.",https://cee.engineering.cmu.edu/directory/index.html,2026-07-17
person-fakhreddine-83227750,map-of-civil,faculty,true,Fakhreddine,https://cee.engineering.cmu.edu/directory/index.html,2026-07-17
person-finger-6029100c,map-of-civil,emeritus,true,Finger,https://cee.engineering.cmu.edu/directory/index.html,2026-07-17
person-flanigan-59555f39,map-of-civil,faculty,true,Flanigan,https://cee.engineering.cmu.edu/directory/index.html,2026-07-17
person-gregory-a0be117c,map-of-civil,faculty,true,Gregory,https://cee.engineering.cmu.edu/directory/index.html,2026-07-17
person-harper-452dbf2e,map-of-civil,faculty,true,Harper,https://cee.engineering.cmu.edu/directory/index.html,2026-07-17
person-jacobobielak-6e4c752e,map-of-civil,emeritus,true,Jacobo Bielak,https://cee.engineering.cmu.edu/directory/index.html,2026-07-17
person-jamesgarrett-c514e8dd,map-of-civil,faculty,true,James Garrett,https://cee.engineering.cmu.edu/directory/index.html,2026-07-17
person-lowry-4c51794b,map-of-civil,faculty,true,Lowry,https://cee.engineering.cmu.edu/directory/index.html,2026-07-17
person-mitchellsmall-5efaace7,map-of-civil,emeritus,true,Mitchell Small,https://cee.engineering.cmu.edu/directory/index.html,2026-07-17
person-moore-6001adb4,map-of-civil,teaching,true,Moore,https://cee.engineering.cmu.edu/directory/index.html,2026-07-17
person-nock-63d8bf3b,map-of-civil,faculty,true,Nock,https://cee.engineering.cmu.edu/directory/index.html,2026-07-17
person-ozis-873a4383,map-of-civil,teaching,true,Ozis,https://cee.engineering.cmu.edu/directory/index.html,2026-07-17
person-pozzi-244d5cb8,map-of-civil,faculty,true,Pozzi,https://cee.engineering.cmu.edu/directory/index.html,2026-07-17
person-qian-b45264e0,map-of-civil,faculty,true,Qian,https://cee.engineering.cmu.edu/directory/index.html,2026-07-17
person-rounce-757b60af,map-of-civil,faculty,true,Rounce,https://cee.engineering.cmu.edu/directory/index.html,2026-07-17
person-sujiang-8d09c821,map-of-civil,faculty,true,Su Jiang,https://cee.engineering.cmu.edu/directory/index.html,2026-07-17
person-tang-cc63d18f,map-of-civil,faculty,true,Tang,https://cee.engineering.cmu.edu/directory/index.html,2026-07-17
person-wang-2051cd94,map-of-civil,faculty,true,Wang,https://cee.engineering.cmu.edu/directory/index.html,2026-07-17
person-apierce-b2c0d728,map-of-cmu-africa,former,false,APierce,https://www.africa.engineering.cmu.edu/about/contact/directory/index.html,2026-07-17
person-bauer-8e3d1320,map-of-cmu-africa,former,false,Bauer,https://www.africa.engineering.cmu.edu/about/contact/directory/index.html,2026-07-17
person-bezy-f47abd0b,map-of-cmu-africa,former,false,Bezy,https://www.africa.engineering.cmu.edu/about/contact/directory/index.html,2026-07-17
person-biyabani-0e26ad2b,map-of-cmu-africa,former,false,Biyabani,https://www.africa.engineering.cmu.edu/about/contact/directory/index.html,2026-07-17
person-brown-ad3a67f7,map-of-cmu-africa,faculty,true,Brown,https://www.africa.engineering.cmu.edu/about/contact/directory/index.html,2026-07-17
person-busogi-ecf63734,map-of-cmu-africa,teaching,true,Busogi,https://www.africa.engineering.cmu.edu/about/contact/directory/index.html,2026-07-17
person-desantis-70c1be11,map-of-cmu-africa,former,false,DeSantis,https://www.africa.engineering.cmu.edu/about/contact/directory/index.html,2026-07-17
person-gueye-49522a23,map-of-cmu-africa,former,false,Gueye,https://www.africa.engineering.cmu.edu/about/contact/directory/index.html,2026-07-17
person-hpierce-4a52bd4a,map-of-cmu-africa,former,false,HPierce,https://www.africa.engineering.cmu.edu/about/contact/directory/index.html,2026-07-17
person-ismailadabo-7d114005,map-of-cmu-africa,faculty,true,Ismaila Dabo,https://www.africa.engineering.cmu.edu/about/contact/directory/index.html,2026-07-17
person-kairu-14ca5b2b,map-of-cmu-africa,former,false,Kairu,https://www.africa.engineering.cmu.edu/about/contact/directory/index.html,2026-07-17
person-lee-6fb6b6ce,map-of-cmu-africa,former,false,Lee,https://www.africa.engineering.cmu.edu/about/contact/directory/index.html,2026-07-17
person-luhanga-fe2b0f83,map-of-cmu-africa,faculty,true,Luhanga,https://www.africa.engineering.cmu.edu/about/contact/directory/index.html,2026-07-17
person-mcsharry-6754faff,map-of-cmu-africa,former,false,McSharry,https://www.africa.engineering.cmu.edu/about/contact/directory/index.html,2026-07-17
person-mugume-30be9721,map-of-cmu-africa,teaching,true,Mugume,https://www.africa.engineering.cmu.edu/about/contact/directory/index.html,2026-07-17
person-mukamakuza-cdc4d4f2,map-of-cmu-africa,teaching,true,Mukamakuza,https://www.africa.engineering.cmu.edu/about/contact/directory/index.html,2026-07-17
person-nathanwilliams-c39ff2c6,map-of-cmu-africa,teaching,true,Nathan Williams,https://www.africa.engineering.cmu.edu/about/contact/directory/index.html,2026-07-17
person-ndashimye-708e8602,map-of-cmu-africa,teaching,true,Ndashimye,https://www.africa.engineering.cmu.edu/about/contact/directory/index.html,2026-07-17
person-ndibwile-7c880838,map-of-cmu-africa,teaching,true,Ndibwile,https://www.africa.engineering.cmu.edu/about/contact/directory/index.html,2026-07-17
person-niyizamwiyitira-a5bb0841,map-of-cmu-africa,former,false,Niyizamwiyitira,https://www.africa.engineering.cmu.edu/about/contact/directory/index.html,2026-07-17
person-okeyo-52c5642d,map-of-cmu-africa,teaching,true,Okeyo,https://www.africa.engineering.cmu.edu/about/contact/directory/index.html,2026-07-17
person-perkins-d0de49ef,map-of-cmu-africa,former,false,Perkins,https://www.africa.engineering.cmu.edu/about/contact/directory/index.html,2026-07-17
person-prasenjitmitra-4043ce5d,map-of-cmu-africa,faculty,true,Prasenjit Mitra,https://www.africa.engineering.cmu.edu/about/contact/directory/index.html,2026-07-17
person-racz-571e1ce0,map-of-cmu-africa,former,false,Racz,https://www.africa.engineering.cmu.edu/about/contact/directory/index.html,2026-07-17
person-ramakrishnan-66c33015,map-of-cmu-africa,former,false,Ramakrishnan,https://www.africa.engineering.cmu.edu/about/contact/directory/index.html,2026-07-17
person-rawn-8123da6a,map-of-cmu-africa,teaching,true,Rawn,https://www.africa.engineering.cmu.edu/about/contact/directory/index.html,2026-07-17
person-stewartisaacs-9942cf07,map-of-cmu-africa,faculty,true,Stewart Isaacs,https://www.africa.engineering.cmu.edu/about/contact/directory/index.html,2026-07-17
person-thompson-1b8a376e,map-of-cmu-africa,former,false,Thompson,https://www.africa.engineering.cmu.edu/about/contact/directory/index.html,2026-07-17
person-thornburg-692fdbef,map-of-cmu-africa,teaching,true,Thornburg,https://www.africa.engineering.cmu.edu/about/contact/directory/index.html,2026-07-17
person-toerien-5ee4e414,map-of-cmu-africa,former,false,Toerien,https://www.africa.engineering.cmu.edu/about/contact/directory/index.html,2026-07-17
person-tucker-dc4f5923,map-of-cmu-africa,former,false,Tucker,https://www.africa.engineering.cmu.edu/about/contact/directory/index.html,2026-07-17
person-umuhoza-7a04ba41,map-of-cmu-africa,teaching,true,Umuhoza,https://www.africa.engineering.cmu.edu/about/contact/directory/index.html,2026-07-17
person-vernon-cb39dcf1,map-of-cmu-africa,former,false,Vernon,https://www.africa.engineering.cmu.edu/about/contact/directory/index.html,2026-07-17
person-wiecha-63b6a98d,map-of-cmu-africa,former,false,Wiecha,https://www.africa.engineering.cmu.edu/about/contact/directory/index.html,2026-07-17
person-anglin-a8736028,map-of-cmu-silicon-valley,former,false,Anglin,https://www.sv.cmu.edu/directory/index.html,2026-07-17
person-da-silva-sousa-4b72157b,map-of-cmu-silicon-valley,teaching,true,daSilvaSousa,https://www.sv.cmu.edu/directory/index.html,2026-07-17
person-dai-db83fd8d,map-of-cmu-silicon-valley,adjunct,false,Dai,https://www.sv.cmu.edu/directory/index.html,2026-07-17
person-erdogmus-94eea046,map-of-cmu-silicon-valley,teaching,true,Erdogmus,https://www.sv.cmu.edu/directory/index.html,2026-07-17
person-evans-924d128f,map-of-cmu-silicon-valley,former,false,Evans,https://www.sv.cmu.edu/directory/index.html,2026-07-17
person-fang-32e23aaf,map-of-cmu-silicon-valley,faculty,true,Fang,https://www.sv.cmu.edu/directory/index.html,2026-07-17
person-jacobson-b7f331d0,map-of-cmu-silicon-valley,teaching,true,Jacobson,https://www.sv.cmu.edu/directory/index.html,2026-07-17
person-kirmayer-39a93bbe,map-of-cmu-silicon-valley,adjunct,false,Kirmayer,https://www.sv.cmu.edu/directory/index.html,2026-07-17
person-kuo-dde7bf19,map-of-cmu-silicon-valley,teaching,true,Kuo,https://www.sv.cmu.edu/directory/index.html,2026-07-17
person-mercier-231c4789,map-of-cmu-silicon-valley,former,false,Mercier,https://www.sv.cmu.edu/directory/index.html,2026-07-17
person-miller-f75a088e,map-of-cmu-silicon-valley,adjunct,false,Miller,https://www.sv.cmu.edu/directory/index.html,2026-07-17
person-mohan-3ebcee91,map-of-cmu-silicon-valley,former,false,Mohan,https://www.sv.cmu.edu/directory/index.html,2026-07-17
person-ott-7365d9e5,map-of-cmu-silicon-valley,adjunct,false,Ott,https://www.sv.cmu.edu/directory/index.html,2026-07-17
person-peraire-bcbd50cf,map-of-cmu-silicon-valley,teaching,true,Peraire,https://www.sv.cmu.edu/directory/index.html,2026-07-17
person-root-d979b29e,map-of-cmu-silicon-valley,teaching,true,Root,https://www.sv.cmu.edu/directory/index.html,2026-07-17
person-shaikh-2e0f9c29,map-of-cmu-silicon-valley,teaching,true,Shaikh,https://www.sv.cmu.edu/directory/index.html,2026-07-17
person-shen-a3919bd2,map-of-cmu-silicon-valley,faculty,true,Shen,https://www.sv.cmu.edu/directory/index.html,2026-07-17
person-shyamalaprayaga-e52447fa,map-of-cmu-silicon-valley,adjunct,false,Shyamala Prayaga,https://www.sv.cmu.edu/directory/index.html,2026-07-17
person-taborga-a8dc05b6,map-of-cmu-silicon-valley,faculty,true,Taborga,https://www.sv.cmu.edu/directory/index.html,2026-07-17
person-tague-1b94d56e,map-of-cmu-silicon-valley,teaching,true,Tague,https://www.sv.cmu.edu/directory/index.html,2026-07-17
person-thomas-f531a8ff,map-of-cmu-silicon-valley,teaching,true,Thomas,https://www.sv.cmu.edu/directory/index.html,2026-07-17
person-varodayan-84666bbe,map-of-cmu-silicon-valley,teaching,true,Varodayan,https://www.sv.cmu.edu/directory/index.html,2026-07-17
person-wlodarski-430ec9b1,map-of-cmu-silicon-valley,teaching,true,Wlodarski,https://www.sv.cmu.edu/directory/index.html,2026-07-17
person-aayushyaagarwal-c534d11d,map-of-ece,faculty,true,Aayushya Agarwal,https://www.ece.cmu.edu/directory/faculty.html,2026-07-17
person-allstot-6ad615ae,map-of-ece,faculty,true,Allstot,https://www.ece.cmu.edu/directory/faculty.html,2026-07-17
person-amvrosiadis-29ddc594,map-of-ece,faculty,true,Amvrosiadis,https://www.ece.cmu.edu/directory/faculty.html,2026-07-17
person-andreazanette-fa7db71d,map-of-ece,faculty,true,Andrea Zanette,https://www.ece.cmu.edu/directory/faculty.html,2026-07-17
person-andrewilyas-9f6dac37,map-of-ece,faculty,true,Andrew Ilyas,https://www.ece.cmu.edu/directory/faculty.html,2026-07-17
person-andrewspielberg-4df438e1,map-of-ece,faculty,true,Andrew Spielberg,https://www.ece.cmu.edu/directory/faculty.html,2026-07-17
person-andrzejstrojwas-c932a868,map-of-ece,emeritus,true,Andrzej Strojwas,https://www.ece.cmu.edu/directory/faculty.html,2026-07-17
person-bain-f729169f,map-of-ece,faculty,true,Bain,https://www.ece.cmu.edu/directory/faculty.html,2026-07-17
person-barr-von-oehsen-995dd42f,map-of-ece,faculty,true,Barr von Oehsen,https://www.ece.cmu.edu/directory/faculty.html,2026-07-17
person-bauer-8e3d1320,map-of-ece,faculty,true,Bauer,https://www.ece.cmu.edu/directory/faculty.html,2026-07-17
person-bchen-ca344e62,map-of-ece,faculty,true,BChen,https://www.ece.cmu.edu/directory/faculty.html,2026-07-17
person-benson-0e101d83,map-of-ece,faculty,true,Benson,https://www.ece.cmu.edu/directory/faculty.html,2026-07-17
person-bhagavatula-b81126e7,map-of-ece,faculty,true,Bhagavatula,https://www.ece.cmu.edu/directory/faculty.html,2026-07-17
person-blanton-54668acf,map-of-ece,faculty,true,Blanton,https://www.ece.cmu.edu/directory/faculty.html,2026-07-17
person-brucehkrogh-4ea05314,map-of-ece,emeritus,true,Bruce H. Krogh,https://www.ece.cmu.edu/directory/faculty.html,2026-07-17
person-brumley-1bfcea91,map-of-ece,faculty,true,Brumley,https://www.ece.cmu.edu/directory/faculty.html,2026-07-17
person-budnik-d386695e,map-of-ece,former,false,Budnik,https://www.ece.cmu.edu/directory/faculty.html,2026-07-17
person-carley-21a0a269,map-of-ece,faculty,true,Carley,https://www.ece.cmu.edu/directory/faculty.html,2026-07-17
person-chamanzar-94b70a7b,map-of-ece,faculty,true,Chamanzar,https://www.ece.cmu.edu/directory/faculty.html,2026-07-17
person-chan-fc965d45,map-of-ece,faculty,true,Chan,https://www.ece.cmu.edu/directory/faculty.html,2026-07-17
person-chi-25086311,map-of-ece,former,false,Chi,https://www.ece.cmu.edu/directory/faculty.html,2026-07-17
person-da-silva-sousa-4b72157b,map-of-ece,teaching,true,da Silva Sousa,https://www.ece.cmu.edu/directory/faculty.html,2026-07-17
person-dandin-e72bd7be,map-of-ece,faculty,true,Dandin,https://www.ece.cmu.edu/directory/faculty.html,2026-07-17
person-danielsiewiorek-9c874b22,map-of-ece,emeritus,true,Daniel Siewiorek,https://www.ece.cmu.edu/directory/faculty.html,2026-07-17
person-davidgreve-68956618,map-of-ece,emeritus,true,David Greve,https://www.ece.cmu.edu/directory/faculty.html,2026-07-17
person-davidnlambeth-561cbc91,map-of-ece,emeritus,true,David N. Lambeth,https://www.ece.cmu.edu/directory/faculty.html,2026-07-17
person-erdogmus-94eea046,map-of-ece,teaching,true,Erdogmus,https://www.ece.cmu.edu/directory/faculty.html,2026-07-17
person-fanti-b183a14d,map-of-ece,faculty,true,Fanti,https://www.ece.cmu.edu/directory/faculty.html,2026-07-17
person-fedder-9b6d9713,map-of-ece,faculty,true,Fedder,https://www.ece.cmu.edu/directory/faculty.html,2026-07-17
person-franchetti-3c3c9126,map-of-ece,faculty,true,Franchetti,https://www.ece.cmu.edu/directory/faculty.html,2026-07-17
person-ganger-9385a346,map-of-ece,faculty,true,Ganger,https://www.ece.cmu.edu/directory/faculty.html,2026-07-17
person-gibbons-99e0376f,map-of-ece,faculty,true,Gibbons,https://www.ece.cmu.edu/directory/faculty.html,2026-07-17
person-gligor-f4a4c729,map-of-ece,faculty,true,Gligor,https://www.ece.cmu.edu/directory/faculty.html,2026-07-17
person-grover-6fe91ccb,map-of-ece,faculty,true,Grover,https://www.ece.cmu.edu/directory/faculty.html,2026-07-17
person-hoe-0e4c631b,map-of-ece,faculty,true,Hoe,https://www.ece.cmu.edu/directory/faculty.html,2026-07-17
person-jia-ffa798af,map-of-ece,faculty,true,Jia,https://www.ece.cmu.edu/directory/faculty.html,2026-07-17
person-joewong-e33a3f98,map-of-ece,faculty,true,JoeWong,https://www.ece.cmu.edu/directory/faculty.html,2026-07-17
person-joshi-1d844162,map-of-ece,faculty,true,Joshi,https://www.ece.cmu.edu/directory/faculty.html,2026-07-17
person-kar-bb0538bb,map-of-ece,faculty,true,Kar,https://www.ece.cmu.edu/directory/faculty.html,2026-07-17
person-kesden-42ff2fee,map-of-ece,teaching,true,Kesden,https://www.ece.cmu.edu/directory/faculty.html,2026-07-17
person-kim-9c9e03f8,map-of-ece,faculty,true,Kim,https://www.ece.cmu.edu/directory/faculty.html,2026-07-17
person-koopman-ed56c669,map-of-ece,emeritus,true,Koopman,https://www.ece.cmu.edu/directory/faculty.html,2026-07-17
person-kumar-6287fc1e,map-of-ece,faculty,true,Kumar,https://www.ece.cmu.edu/directory/faculty.html,2026-07-17
person-li-ae1583b9,map-of-ece,faculty,true,Li,https://www.ece.cmu.edu/directory/faculty.html,2026-07-17
person-low-f840046d,map-of-ece,faculty,true,Low,https://www.ece.cmu.edu/directory/faculty.html,2026-07-17
person-lucia-d6b155b6,map-of-ece,faculty,true,Lucia,https://www.ece.cmu.edu/directory/faculty.html,2026-07-17
person-mai-e114ceea,map-of-ece,faculty,true,Mai,https://www.ece.cmu.edu/directory/faculty.html,2026-07-17
person-manuelaveloso-de310b32,map-of-ece,emeritus,true,Manuela Veloso,https://www.ece.cmu.edu/directory/faculty.html,2026-07-17
person-marijailic-28ba62d6,map-of-ece,emeritus,true,Marija Ilic,https://www.ece.cmu.edu/directory/faculty.html,2026-07-17
person-markkryder-6d687350,map-of-ece,emeritus,true,Mark Kryder,https://www.ece.cmu.edu/directory/faculty.html,2026-07-17
person-mayer-cb8d8bca,map-of-ece,faculty,true,Mayer,https://www.ece.cmu.edu/directory/faculty.html,2026-07-17
person-morgan-6d24496e,map-of-ece,faculty,true,Morgan,https://www.ece.cmu.edu/directory/faculty.html,2026-07-17
person-moura-064facc2,map-of-ece,faculty,true,Moura,https://www.ece.cmu.edu/directory/faculty.html,2026-07-17
person-mukherjee-a39c3cc5,map-of-ece,faculty,true,Mukherjee,https://www.ece.cmu.edu/directory/faculty.html,2026-07-17
person-nace-a633beaa,map-of-ece,teaching,true,Nace,https://www.ece.cmu.edu/directory/faculty.html,2026-07-17
person-nakahira-b4d4f27c,map-of-ece,faculty,true,Nakahira,https://www.ece.cmu.edu/directory/faculty.html,2026-07-17
person-narasimhan-90bae6a9,map-of-ece,faculty,true,Narasimhan,https://www.ece.cmu.edu/directory/faculty.html,2026-07-17
person-negi-90a281dc,map-of-ece,faculty,true,Negi,https://www.ece.cmu.edu/directory/faculty.html,2026-07-17
person-ohallaron-7497ec78,map-of-ece,former,false,OHallaron,https://www.ece.cmu.edu/directory/faculty.html,2026-07-17
person-oliviahsu-146849d5,map-of-ece,faculty,true,Olivia Hsu,https://www.ece.cmu.edu/directory/faculty.html,2026-07-17
person-parno-a6e69990,map-of-ece,faculty,true,Parno,https://www.ece.cmu.edu/directory/faculty.html,2026-07-17
person-peraire-bcbd50cf,map-of-ece,teaching,true,Peraire,https://www.ece.cmu.edu/directory/faculty.html,2026-07-17
person-piazza-bcb829db,map-of-ece,faculty,true,Piazza,https://www.ece.cmu.edu/directory/faculty.html,2026-07-17
person-pileggi-e79f184f,map-of-ece,faculty,true,Pileggi,https://www.ece.cmu.edu/directory/faculty.html,2026-07-17
person-qu-aaafb634,map-of-ece,faculty,true,Qu,https://www.ece.cmu.edu/directory/faculty.html,2026-07-17
person-rafawodarski-4596864f,map-of-ece,teaching,true,Rafał Włodarski,https://www.ece.cmu.edu/directory/faculty.html,2026-07-17
person-rajkumar-4d24084d,map-of-ece,faculty,true,Rajkumar,https://www.ece.cmu.edu/directory/faculty.html,2026-07-17
person-rawn-8123da6a,map-of-ece,teaching,true,Rawn,https://www.ece.cmu.edu/directory/faculty.html,2026-07-17
person-robertwhite-a3f3b62a,map-of-ece,emeritus,true,Robert White,https://www.ece.cmu.edu/directory/faculty.html,2026-07-17
person-ronaldrohrer-b5050713,map-of-ece,emeritus,true,Ronald Rohrer,https://www.ece.cmu.edu/directory/faculty.html,2026-07-17
person-rowe-8a14544b,map-of-ece,faculty,true,Rowe,https://www.ece.cmu.edu/directory/faculty.html,2026-07-17
person-sampagliarini-0706c694,map-of-ece,faculty,true,Sam Pagliarini,https://www.ece.cmu.edu/directory/faculty.html,2026-07-17
person-sanders-914e1e77,map-of-ece,former,false,Sanders,https://www.ece.cmu.edu/directory/faculty.html,2026-07-17
person-sankaranarayanan-558872d9,map-of-ece,faculty,true,Sankaranarayanan,https://www.ece.cmu.edu/directory/faculty.html,2026-07-17
person-sarahcen-d6f0c7c3,map-of-ece,faculty,true,Sarah Cen,https://www.ece.cmu.edu/directory/faculty.html,2026-07-17
person-saroshtalukdar-96cda550,map-of-ece,emeritus,true,Sarosh Talukdar,https://www.ece.cmu.edu/directory/faculty.html,2026-07-17
person-savvides-d7f3fac4,map-of-ece,faculty,true,Savvides,https://www.ece.cmu.edu/directory/faculty.html,2026-07-17
person-sekar-e988ffaa,map-of-ece,faculty,true,Sekar,https://www.ece.cmu.edu/directory/faculty.html,2026-07-17
person-shen-a3919bd2,map-of-ece,faculty,true,Shen,https://www.ece.cmu.edu/directory/faculty.html,2026-07-17
person-shi-54ba5fa2,map-of-ece,former,false,Shi,https://www.ece.cmu.edu/directory/faculty.html,2026-07-17
person-skirpan-1d86e7ce,map-of-ece,teaching,true,Skirpan,https://www.ece.cmu.edu/directory/faculty.html,2026-07-17
person-smailagic-9981af04,map-of-ece,former,false,Smailagic,https://www.ece.cmu.edu/directory/faculty.html,2026-07-17
person-srimani-52f499dc,map-of-ece,faculty,true,Srimani,https://www.ece.cmu.edu/directory/faculty.html,2026-07-17
person-sriraman-11f16595,map-of-ece,faculty,true,Sriraman,https://www.ece.cmu.edu/directory/faculty.html,2026-07-17
person-steenkiste-1644722f,map-of-ece,faculty,true,Steenkiste,https://www.ece.cmu.edu/directory/faculty.html,2026-07-17
person-stern-0c0f687c,map-of-ece,faculty,true,Stern,https://www.ece.cmu.edu/directory/faculty.html,2026-07-17
person-sullivan-16d4ae28,map-of-ece,teaching,true,Sullivan,https://www.ece.cmu.edu/directory/faculty.html,2026-07-17
person-tonguz-7107a4dd,map-of-ece,faculty,true,Tonguz,https://www.ece.cmu.edu/directory/faculty.html,2026-07-17
person-towe-a7ced21f,map-of-ece,faculty,true,Towe,https://www.ece.cmu.edu/directory/faculty.html,2026-07-17
person-vchen-9b5c7f9b,map-of-ece,faculty,true,VChen,https://www.ece.cmu.edu/directory/faculty.html,2026-07-17
person-wahby-90f4c78c,map-of-ece,faculty,true,Wahby,https://www.ece.cmu.edu/directory/faculty.html,2026-07-17
person-wlodarski-430ec9b1,map-of-ece,former,false,Wlodarski,https://www.ece.cmu.edu/directory/faculty.html,2026-07-17
person-yagan-7c6acaa4,map-of-ece,faculty,true,Yagan,https://www.ece.cmu.edu/directory/faculty.html,2026-07-17
person-youssfi-452e51ed,map-of-ece,teaching,true,Youssfi,https://www.ece.cmu.edu/directory/faculty.html,2026-07-17
person-yu-f6b9b7db,map-of-ece,faculty,true,Yu,https://www.ece.cmu.edu/directory/faculty.html,2026-07-17
person-zajdel-c0cb5464,map-of-ece,teaching,true,Zajdel,https://www.ece.cmu.edu/directory/faculty.html,2026-07-17
person-zhang-d6e221d7,map-of-ece,faculty,true,Zhang,https://www.ece.cmu.edu/directory/faculty.html,2026-07-17
person-zheng-6b8a962f,map-of-ece,faculty,true,Zheng,https://www.ece.cmu.edu/directory/faculty.html,2026-07-17
person-zhu-23d54a0c,map-of-ece,faculty,true,Zhu,https://www.ece.cmu.edu/directory/faculty.html,2026-07-17
person-adams-a5b5ae86,map-of-epp,faculty,true,Adams,https://epp.engineering.cmu.edu/directory/index.html,2026-07-17
person-brown-ad3a67f7,map-of-epp,faculty,true,Brown,https://epp.engineering.cmu.edu/directory/index.html,2026-07-17
person-chrishendrickson-c5d421c4,map-of-epp,emeritus,true,Chris Hendrickson,https://epp.engineering.cmu.edu/directory/index.html,2026-07-17
person-christin-60194590,map-of-epp,faculty,true,Christin,https://epp.engineering.cmu.edu/directory/index.html,2026-07-17
person-cohon-8a9512c6,map-of-epp,former,false,Cohon,https://epp.engineering.cmu.edu/directory/index.html,2026-07-17
person-combemale-cc33b973,map-of-epp,faculty,true,Combemale,https://epp.engineering.cmu.edu/directory/index.html,2026-07-17
person-cranor-fbc855c4,map-of-epp,faculty,true,Cranor,https://epp.engineering.cmu.edu/directory/index.html,2026-07-17
person-davidhounshell-c5fbd2c1,map-of-epp,emeritus,true,David Hounshell,https://epp.engineering.cmu.edu/directory/index.html,2026-07-17
person-doroncohen-ee7f0353,map-of-epp,faculty,true,Doron Cohen,https://epp.engineering.cmu.edu/directory/index.html,2026-07-17
person-edwardrubin-5cdd285c,map-of-epp,emeritus,true,Edward Rubin,https://epp.engineering.cmu.edu/directory/index.html,2026-07-17
person-elizabethcasman-509d4206,map-of-epp,emeritus,true,Elizabeth Casman,https://epp.engineering.cmu.edu/directory/index.html,2026-07-17
person-ferreira-670acf30,map-of-epp,faculty,true,Ferreira,https://epp.engineering.cmu.edu/directory/index.html,2026-07-17
person-fischbeck-f33a9da9,map-of-epp,emeritus,true,Fischbeck,https://epp.engineering.cmu.edu/directory/index.html,2026-07-17
person-fischhoff-eeee3c3b,map-of-epp,faculty,true,Fischhoff,https://epp.engineering.cmu.edu/directory/index.html,2026-07-17
person-fuchs-adfe3d53,map-of-epp,faculty,true,Fuchs,https://epp.engineering.cmu.edu/directory/index.html,2026-07-17
person-indiranair-146b663d,map-of-epp,emeritus,true,Indira Nair,https://epp.engineering.cmu.edu/directory/index.html,2026-07-17
person-jamesgoodby-c075bf08,map-of-epp,emeritus,true,James Goodby,https://epp.engineering.cmu.edu/directory/index.html,2026-07-17
person-jaramillo-d857bcb1,map-of-epp,faculty,true,Jaramillo,https://epp.engineering.cmu.edu/directory/index.html,2026-07-17
person-jayapt-f4e30f86,map-of-epp,emeritus,true,Jay Apt,https://epp.engineering.cmu.edu/directory/index.html,2026-07-17
person-joeltarr-544325aa,map-of-epp,emeritus,true,Joel Tarr,https://epp.engineering.cmu.edu/directory/index.html,2026-07-17
person-josephcalandrino-1dc34730,map-of-epp,faculty,true,Joseph Calandrino,https://epp.engineering.cmu.edu/directory/index.html,2026-07-17
person-josephdecarolis-f63e94ea,map-of-epp,faculty,true,Joseph DeCarolis,https://epp.engineering.cmu.edu/directory/index.html,2026-07-17
person-karplus-46bd74eb,map-of-epp,faculty,true,Karplus,https://epp.engineering.cmu.edu/directory/index.html,2026-07-17
person-marijailic-28ba62d6,map-of-epp,emeritus,true,Marija Ilic,https://epp.engineering.cmu.edu/directory/index.html,2026-07-17
person-matthews-6826d2d7,map-of-epp,teaching,true,Matthews,https://epp.engineering.cmu.edu/directory/index.html,2026-07-17
person-michaelgriffin-418ad202,map-of-epp,emeritus,true,Michael Griffin,https://epp.engineering.cmu.edu/directory/index.html,2026-07-17
person-michalek-7bcce5ed,map-of-epp,faculty,true,Michalek,https://epp.engineering.cmu.edu/directory/index.html,2026-07-17
person-mitchellsmall-5efaace7,map-of-epp,emeritus,true,Mitchell Small,https://epp.engineering.cmu.edu/directory/index.html,2026-07-17
person-morgan-6d24496e,map-of-epp,faculty,true,Morgan,https://epp.engineering.cmu.edu/directory/index.html,2026-07-17
person-muller-8255c23a,map-of-epp,faculty,true,Muller,https://epp.engineering.cmu.edu/directory/index.html,2026-07-17
person-niloofarmireshghallah-fcac6b9b,map-of-epp,faculty,true,Niloofar Mireshghallah,https://epp.engineering.cmu.edu/directory/index.html,2026-07-17
person-nock-63d8bf3b,map-of-epp,faculty,true,Nock,https://epp.engineering.cmu.edu/directory/index.html,2026-07-17
person-peha-1313240b,map-of-epp,faculty,true,Peha,https://epp.engineering.cmu.edu/directory/index.html,2026-07-17
person-robertwhite-a3f3b62a,map-of-epp,emeritus,true,Robert White,https://epp.engineering.cmu.edu/directory/index.html,2026-07-17
person-sarahcen-d6f0c7c3,map-of-epp,faculty,true,Sarah Cen,https://epp.engineering.cmu.edu/directory/index.html,2026-07-17
person-sarahscheffler-15f7169c,map-of-epp,faculty,true,Sarah Scheffler,https://epp.engineering.cmu.edu/directory/index.html,2026-07-17
person-saroshtalukdar-96cda550,map-of-epp,emeritus,true,Sarosh Talukdar,https://epp.engineering.cmu.edu/directory/index.html,2026-07-17
person-sioshansi-3e2fdc2f,map-of-epp,faculty,true,Sioshansi,https://epp.engineering.cmu.edu/directory/index.html,2026-07-17
person-sirbu-ca2c0f3e,map-of-epp,emeritus,true,Sirbu,https://epp.engineering.cmu.edu/directory/index.html,2026-07-17
person-whitacre-a4124162,map-of-epp,faculty,true,Whitacre,https://epp.engineering.cmu.edu/directory/index.html,2026-07-17
person-whitefoot-92d162cb,map-of-epp,faculty,true,Whitefoot,https://epp.engineering.cmu.edu/directory/index.html,2026-07-17
person-yu-2318284f,map-of-epp,teaching,true,Yu,https://epp.engineering.cmu.edu/directory/index.html,2026-07-17
person-abovyan-9857bf3a,map-of-iii,former,false,Abovyan,https://www.cmu.edu/iii/people/faculty-staff/index.html,2026-07-17
person-anglin-a8736028,map-of-iii,former,false,Anglin,https://www.cmu.edu/iii/people/faculty-staff/index.html,2026-07-17
person-arthursugden-74772eb9,map-of-iii,adjunct,false,Arthur Sugden,https://www.cmu.edu/iii/people/faculty-staff/index.html,2026-07-17
person-ayoob-3bcb5b1d,map-of-iii,faculty,true,Ayoob,https://www.cmu.edu/iii/people/faculty-staff/index.html,2026-07-17
person-bodily-fd4c755b,map-of-iii,teaching,true,Bodily,https://www.cmu.edu/iii/people/faculty-staff/index.html,2026-07-17
person-brianshyu-9ddf8c62,map-of-iii,adjunct,false,Brian Shyu,https://www.cmu.edu/iii/people/faculty-staff/index.html,2026-07-17
person-corder-85362a88,map-of-iii,adjunct,false,Corder,https://www.cmu.edu/iii/people/faculty-staff/index.html,2026-07-17
person-dai-db83fd8d,map-of-iii,adjunct,false,Dai,https://www.cmu.edu/iii/people/faculty-staff/index.html,2026-07-17
person-deanabrown-76f421eb,map-of-iii,adjunct,false,Deana Brown,https://www.cmu.edu/iii/people/faculty-staff/index.html,2026-07-17
person-dobson-a33e22c9,map-of-iii,adjunct,false,Dobson,https://www.cmu.edu/iii/people/faculty-staff/index.html,2026-07-17
person-drewdavidson-1665b33f,map-of-iii,adjunct,false,Drew Davidson,https://www.cmu.edu/iii/people/faculty-staff/index.html,2026-07-17
person-evans-924d128f,map-of-iii,former,false,Evans,https://www.cmu.edu/iii/people/faculty-staff/index.html,2026-07-17
person-fang-32e23aaf,map-of-iii,faculty,true,Fang,https://www.cmu.edu/iii/people/faculty-staff/index.html,2026-07-17
person-gemperle-38026a7a,map-of-iii,adjunct,false,Gemperle,https://www.cmu.edu/iii/people/faculty-staff/index.html,2026-07-17
person-guidi-4e07793b,map-of-iii,former,false,Guidi,https://www.cmu.edu/iii/people/faculty-staff/index.html,2026-07-17
person-hershberger-c26f52a7,map-of-iii,adjunct,false,Hershberger,https://www.cmu.edu/iii/people/faculty-staff/index.html,2026-07-17
person-hindsbo-4ed0c421,map-of-iii,adjunct,false,Hindsbo,https://www.cmu.edu/iii/people/faculty-staff/index.html,2026-07-17
person-jackmoffett-7679caf4,map-of-iii,adjunct,false,Jack Moffett,https://www.cmu.edu/iii/people/faculty-staff/index.html,2026-07-17
person-kirmayer-39a93bbe,map-of-iii,adjunct,false,Kirmayer,https://www.cmu.edu/iii/people/faculty-staff/index.html,2026-07-17
person-lamont-5ae4f21b,map-of-iii,teaching,true,Lamont,https://www.cmu.edu/iii/people/faculty-staff/index.html,2026-07-17
person-laurafulton-50f57109,map-of-iii,adjunct,false,Laura Fulton,https://www.cmu.edu/iii/people/faculty-staff/index.html,2026-07-17
person-marchetti-3c4ff8f0,map-of-iii,former,false,Marchetti,https://www.cmu.edu/iii/people/faculty-staff/index.html,2026-07-17
person-marksanders-06ad7482,map-of-iii,faculty,true,Mark Sanders,https://www.cmu.edu/iii/people/faculty-staff/index.html,2026-07-17
person-mercier-231c4789,map-of-iii,faculty,true,Mercier,https://www.cmu.edu/iii/people/faculty-staff/index.html,2026-07-17
person-miller-f75a088e,map-of-iii,adjunct,false,Miller,https://www.cmu.edu/iii/people/faculty-staff/index.html,2026-07-17
person-mohan-3ebcee91,map-of-iii,former,false,Mohan,https://www.cmu.edu/iii/people/faculty-staff/index.html,2026-07-17
person-montalvo-e3dadb03,map-of-iii,former,false,Montalvo,https://www.cmu.edu/iii/people/faculty-staff/index.html,2026-07-17
person-murphy-c40fd480,map-of-iii,adjunct,false,Murphy,https://www.cmu.edu/iii/people/faculty-staff/index.html,2026-07-17
person-ott-7365d9e5,map-of-iii,adjunct,false,Ott,https://www.cmu.edu/iii/people/faculty-staff/index.html,2026-07-17
person-root-d979b29e,map-of-iii,teaching,true,Sheryl Root,https://www.cmu.edu/iii/people/faculty-staff/index.html,2026-07-17
person-rot-400fa994,map-of-iii,former,false,Rot,https://www.cmu.edu/iii/people/faculty-staff/index.html,2026-07-17
person-saadati-85f60318,map-of-iii,adjunct,false,Saadati,https://www.cmu.edu/iii/people/faculty-staff/index.html,2026-07-17
person-sarahlaiwala-93dac9c8,map-of-iii,adjunct,false,Sarah Laiwala,https://www.cmu.edu/iii/people/faculty-staff/index.html,2026-07-17
person-saunders-2e4dc827,map-of-iii,former,false,Saunders,https://www.cmu.edu/iii/people/faculty-staff/index.html,2026-07-17
person-shaikh-2e0f9c29,map-of-iii,adjunct,false,Shaikh,https://www.cmu.edu/iii/people/faculty-staff/index.html,2026-07-17
person-shyamalaprayaga-e52447fa,map-of-iii,adjunct,false,Shyamala Prayaga,https://www.cmu.edu/iii/people/faculty-staff/index.html,2026-07-17
person-slesinger-b9c8ebe5,map-of-iii,adjunct,false,Slesinger,https://www.cmu.edu/iii/people/faculty-staff/index.html,2026-07-17
person-smith-7a323ea7,map-of-iii,former,false,Smith,https://www.cmu.edu/iii/people/faculty-staff/index.html,2026-07-17
person-sudgen-e5b0343e,map-of-iii,former,false,Sudgen,https://www.cmu.edu/iii/people/faculty-staff/index.html,2026-07-17
person-taborga-a8dc05b6,map-of-iii,faculty,true,Taborga,https://www.cmu.edu/iii/people/faculty-staff/index.html,2026-07-17
person-thomas-f531a8ff,map-of-iii,adjunct,false,Thomas,https://www.cmu.edu/iii/people/faculty-staff/index.html,2026-07-17
person-woolsey-491f86a5,map-of-iii,adjunct,false,Woolsey,https://www.cmu.edu/iii/people/faculty-staff/index.html,2026-07-17
person-zlotnikov-f28b3cde,map-of-iii,teaching,true,Zlotnikov,https://www.cmu.edu/iii/people/faculty-staff/index.html,2026-07-17
person-bustamante-7062b357,map-of-ini,teaching,true,Bustamante,https://www.cmu.edu/ini/about/team/index.html,2026-07-17
person-denaharitostsamitis-8c62f52c,map-of-ini,faculty,true,Dena Haritos Tsamitis,https://www.cmu.edu/ini/about/team/index.html,2026-07-17
person-farag-2e63ed67,map-of-ini,teaching,true,Farag,https://www.cmu.edu/ini/about/team/index.html,2026-07-17
person-hibshi-a9d6d46a,map-of-ini,teaching,true,Hibshi,https://www.cmu.edu/ini/about/team/index.html,2026-07-17
person-jacobson-b7f331d0,map-of-ini,teaching,true,Jacobson,https://www.cmu.edu/ini/about/team/index.html,2026-07-17
person-kuo-dde7bf19,map-of-ini,teaching,true,Kuo,https://www.cmu.edu/ini/about/team/index.html,2026-07-17
person-michaelmattarock-eddf8f62,map-of-ini,faculty,true,Michael Mattarock,https://www.cmu.edu/ini/about/team/index.html,2026-07-17
person-peca-d823cc40,map-of-ini,former,false,Peca,https://www.cmu.edu/ini/about/team/index.html,2026-07-17
person-tague-1b94d56e,map-of-ini,teaching,true,Tague,https://www.cmu.edu/ini/about/team/index.html,2026-07-17
person-tahakhan-f7c33fa5,map-of-ini,teaching,true,Taha Khan,https://www.cmu.edu/ini/about/team/index.html,2026-07-17
person-telang-a5ad3467,map-of-ini,former,false,Telang,https://www.cmu.edu/ini/about/team/index.html,2026-07-17
person-varodayan-84666bbe,map-of-ini,teaching,true,Varodayan,https://www.cmu.edu/ini/about/team/index.html,2026-07-17
person-aksak-f1702f2c,map-of-mech,teaching,true,Aksak,https://www.meche.engineering.cmu.edu/directory/index.html,2026-07-17
person-bedillion-5c39e382,map-of-mech,teaching,true,Bedillion,https://www.meche.engineering.cmu.edu/directory/index.html,2026-07-17
person-bergbreiter-b4bad05a,map-of-mech,faculty,true,Bergbreiter,https://www.meche.engineering.cmu.edu/directory/index.html,2026-07-17
person-beuth-5961a02d,map-of-mech,faculty,true,Beuth,https://www.meche.engineering.cmu.edu/directory/index.html,2026-07-17
person-bolmin-6dfa8453,map-of-mech,faculty,true,Bolmin,https://www.meche.engineering.cmu.edu/directory/index.html,2026-07-17
person-cagan-16e7bc91,map-of-mech,faculty,true,Cagan,https://www.meche.engineering.cmu.edu/directory/index.html,2026-07-17
person-de-boer-74d71c7c,map-of-mech,faculty,true,de Boer,https://www.meche.engineering.cmu.edu/directory/index.html,2026-07-17
person-edwardrubin-5cdd285c,map-of-mech,emeritus,true,Edward Rubin,https://www.meche.engineering.cmu.edu/directory/index.html,2026-07-17
person-farimani-2fc46be1,map-of-mech,faculty,true,Farimani,https://www.meche.engineering.cmu.edu/directory/index.html,2026-07-17
person-frederikedumbgen-bce91ff8,map-of-mech,faculty,true,Frederike Dümbgen,https://www.meche.engineering.cmu.edu/directory/index.html,2026-07-17
person-gomez-be1b1293,map-of-mech,teaching,true,Gomez,https://www.meche.engineering.cmu.edu/directory/index.html,2026-07-17
person-grande-gutierrez-657b0ef2,map-of-mech,faculty,true,Grande Gutierrez,https://www.meche.engineering.cmu.edu/directory/index.html,2026-07-17
person-haidar-c8674d18,map-of-mech,teaching,true,Haidar,https://www.meche.engineering.cmu.edu/directory/index.html,2026-07-17
person-halilaj-4332d0fd,map-of-mech,faculty,true,Halilaj,https://www.meche.engineering.cmu.edu/directory/index.html,2026-07-17
person-jayan-42e30367,map-of-mech,faculty,true,Jayan,https://www.meche.engineering.cmu.edu/directory/index.html,2026-07-17
person-johnson-33f7c17d,map-of-mech,faculty,true,Johnson,https://www.meche.engineering.cmu.edu/directory/index.html,2026-07-17
person-jones-a6c6f6eb,map-of-mech,faculty,true,Jones,https://www.meche.engineering.cmu.edu/directory/index.html,2026-07-17
person-kang-ef35dc6b,map-of-mech,faculty,true,Kang,https://www.meche.engineering.cmu.edu/directory/index.html,2026-07-17
person-kara-4fc3c61d,map-of-mech,faculty,true,Kara,https://www.meche.engineering.cmu.edu/directory/index.html,2026-07-17
person-leduc-c67ec102,map-of-mech,faculty,true,LeDuc,https://www.meche.engineering.cmu.edu/directory/index.html,2026-07-17
person-litster-5e29d877,map-of-mech,faculty,true,Litster,https://www.meche.engineering.cmu.edu/directory/index.html,2026-07-17
person-majidi-278b8bf0,map-of-mech,faculty,true,Majidi,https://www.meche.engineering.cmu.edu/directory/index.html,2026-07-17
person-malen-3652f991,map-of-mech,faculty,true,Malen,https://www.meche.engineering.cmu.edu/directory/index.html,2026-07-17
person-mccomb-03260969,map-of-mech,faculty,true,McComb,https://www.meche.engineering.cmu.edu/directory/index.html,2026-07-17
person-mcgaughey-00e68c73,map-of-mech,faculty,true,McGaughey,https://www.meche.engineering.cmu.edu/directory/index.html,2026-07-17
person-michalek-7bcce5ed,map-of-mech,faculty,true,Michalek,https://www.meche.engineering.cmu.edu/directory/index.html,2026-07-17
person-narra-914c4179,map-of-mech,faculty,true,Narra,https://www.meche.engineering.cmu.edu/directory/index.html,2026-07-17
person-ogoke-7872259f,map-of-mech,faculty,true,Ogoke,https://www.meche.engineering.cmu.edu/directory/index.html,2026-07-17
person-ozdoganlar-a7be9b75,map-of-mech,faculty,true,Ozdoganlar,https://www.meche.engineering.cmu.edu/directory/index.html,2026-07-17
person-panat-b885e071,map-of-mech,faculty,true,Panat,https://www.meche.engineering.cmu.edu/directory/index.html,2026-07-17
person-paulsteif-bdb00428,map-of-mech,emeritus,true,Paul Steif,https://www.meche.engineering.cmu.edu/directory/index.html,2026-07-17
person-presto-a6f7db70,map-of-mech,faculty,true,Presto,https://www.meche.engineering.cmu.edu/directory/index.html,2026-07-17
person-rabin-0f2e3379,map-of-mech,faculty,true,Rabin,https://www.meche.engineering.cmu.edu/directory/index.html,2026-07-17
person-ryanjohnson-8e7d318c,map-of-mech,faculty,true,Ryan Johnson,https://www.meche.engineering.cmu.edu/directory/index.html,2026-07-17
person-shen-76bb0c47,map-of-mech,faculty,true,Shen,https://www.meche.engineering.cmu.edu/directory/index.html,2026-07-17
person-shichuneyao-cbf4ce70,map-of-mech,emeritus,true,Shi-Chune Yao,https://www.meche.engineering.cmu.edu/directory/index.html,2026-07-17
person-shimada-13cd6ff1,map-of-mech,faculty,true,Shimada,https://www.meche.engineering.cmu.edu/directory/index.html,2026-07-17
person-singh-2529f9f3,map-of-mech,teaching,true,Singh,https://www.meche.engineering.cmu.edu/directory/index.html,2026-07-17
person-sullivan-589c9545,map-of-mech,faculty,true,Sullivan,https://www.meche.engineering.cmu.edu/directory/index.html,2026-07-17
person-taylor-e347ee6b,map-of-mech,faculty,true,Taylor,https://www.meche.engineering.cmu.edu/directory/index.html,2026-07-17
person-tucker-dc4f5923,map-of-mech,faculty,true,Tucker,https://www.meche.engineering.cmu.edu/directory/index.html,2026-07-17
person-wang-685e2f11,map-of-mech,faculty,true,Wang,https://www.meche.engineering.cmu.edu/directory/index.html,2026-07-17
person-weber-04119f6b,map-of-mech,faculty,true,Weber,https://www.meche.engineering.cmu.edu/directory/index.html,2026-07-17
person-webster-wood-d2b08d26,map-of-mech,faculty,true,Webster-Wood,https://www.meche.engineering.cmu.edu/directory/index.html,2026-07-17
person-whitefoot-92d162cb,map-of-mech,faculty,true,Whitefoot,https://www.meche.engineering.cmu.edu/directory/index.html,2026-07-17
person-zhang-96ead879,map-of-mech,faculty,true,Zhang,https://www.meche.engineering.cmu.edu/directory/index.html,2026-07-17
person-zhao-f1ed811c,map-of-mech,faculty,true,Zhao,https://www.meche.engineering.cmu.edu/directory/index.html,2026-07-17
person-bettinger-29b6bf00,map-of-mse,former,false,Bettinger,https://www.mse.engineering.cmu.edu/directory/,2026-07-17
person-bockstaller-a1dbd67d,map-of-mse,faculty,true,Bockstaller,https://www.mse.engineering.cmu.edu/directory/,2026-07-17
person-cohen-karni-eb20363d,map-of-mse,faculty,true,Cohen-Karni,https://www.mse.engineering.cmu.edu/directory/,2026-07-17
person-davidlaughlin-7431e470,map-of-mse,emeritus,true,David Laughlin,https://www.mse.engineering.cmu.edu/directory/,2026-07-17
person-degraef-e8ced3ef,map-of-mse,faculty,true,DeGraef,https://www.mse.engineering.cmu.edu/directory/,2026-07-17
person-dickey-a1bbedfe,map-of-mse,faculty,true,Dickey,https://www.mse.engineering.cmu.edu/directory/,2026-07-17
person-feinberg-095ac87b,map-of-mse,faculty,true,Feinberg,https://www.mse.engineering.cmu.edu/directory/,2026-07-17
person-heard-72bdd1c8,map-of-mse,teaching,true,Heard,https://www.mse.engineering.cmu.edu/directory/,2026-07-17
person-islam-df3e639a,map-of-mse,faculty,true,Islam,https://www.mse.engineering.cmu.edu/directory/,2026-07-17
person-ismailadabo-7d114005,map-of-mse,faculty,true,Ismaila Dabo,https://www.mse.engineering.cmu.edu/directory/,2026-07-17
person-juanchamorro-e7c25e5d,map-of-mse,faculty,true,Juan Chamorro,https://www.mse.engineering.cmu.edu/directory/,2026-07-17
person-krause-077fe444,map-of-mse,faculty,true,Krause,https://www.mse.engineering.cmu.edu/directory/,2026-07-17
person-kurchin-659ab807,map-of-mse,faculty,true,Kurchin,https://www.mse.engineering.cmu.edu/directory/,2026-07-17
person-marom-b1a40905,map-of-mse,faculty,true,Marom,https://www.mse.engineering.cmu.edu/directory/,2026-07-17
person-mayer-cb8d8bca,map-of-mse,faculty,true,Mayer,https://www.mse.engineering.cmu.edu/directory/,2026-07-17
person-mchenry-35c892fa,map-of-mse,emeritus,true,McHenry,https://www.mse.engineering.cmu.edu/directory/,2026-07-17
person-o-connor-5200d92d,map-of-mse,faculty,true,O'Connor,https://www.mse.engineering.cmu.edu/directory/,2026-07-17
person-olexandrisayev-f148dda9,map-of-mse,faculty,true,Olexandr Isayev,https://www.mse.engineering.cmu.edu/directory/,2026-07-17
person-paulwynblatt-586a81f4,map-of-mse,emeritus,true,Paul Wynblatt,https://www.mse.engineering.cmu.edu/directory/,2026-07-17
person-pistorius-4e58727c,map-of-mse,faculty,true,Pistorius,https://www.mse.engineering.cmu.edu/directory/,2026-07-17
person-porter-9bb421fc,map-of-mse,faculty,true,Porter,https://www.mse.engineering.cmu.edu/directory/,2026-07-17
person-robertdavis-d14389c8,map-of-mse,emeritus,true,Robert Davis,https://www.mse.engineering.cmu.edu/directory/,2026-07-17
person-rohrer-d34e1f81,map-of-mse,faculty,true,Rohrer,https://www.mse.engineering.cmu.edu/directory/,2026-07-17
person-rollett-553e9d0d,map-of-mse,faculty,true,Rollett,https://www.mse.engineering.cmu.edu/directory/,2026-07-17
person-salvador-e8decf1a,map-of-mse,faculty,true,Salvador,https://www.mse.engineering.cmu.edu/directory/,2026-07-17
person-skowronski-e8507da6,map-of-mse,faculty,true,Skowronski,https://www.mse.engineering.cmu.edu/directory/,2026-07-17
person-sokalski-27553d9e,map-of-mse,teaching,true,Sokalski,https://www.mse.engineering.cmu.edu/directory/,2026-07-17
person-taheri-mousavi-3fc3c40e,map-of-mse,faculty,true,Taheri-Mousavi,https://www.mse.engineering.cmu.edu/directory/,2026-07-17
person-towe-a7ced21f,map-of-mse,faculty,true,Towe,https://www.mse.engineering.cmu.edu/directory/,2026-07-17
person-warrengarrison-657e67f6,map-of-mse,emeritus,true,Warren Garrison,https://www.mse.engineering.cmu.edu/directory/,2026-07-17
person-webler-af4b5216,map-of-mse,faculty,true,Webler,https://www.mse.engineering.cmu.edu/directory/,2026-07-17
person-whitacre-a4124162,map-of-mse,faculty,true,Whitacre,https://www.mse.engineering.cmu.edu/directory/,2026-07-17
