person_id,display_name,scholar_id,scholar_id_source_url,scholar_id_verified_at,orcid,homepage_url,notes
person-aayushyaagarwal-c534d11d,Aayushya Agarwal,,,,,,Added from an official CMU directory on 2026-07-17; Scholar ID unresolved.
person-abbott-afe0d8df,Rosalyn Abbott,xSMEGpAAAAAJ,,,,,Verified against an official CMU directory on 2026-07-17.
person-abigailnoyce-54e781b2,Abigail Noyce,y2ZkuLwAAAAJ,https://www.cmu.edu/bme/People/Faculty/profile/anoyce.html,2026-07-17,,https://www.cmu.edu/bme/People/Faculty/profile/anoyce.html,Added from an official CMU directory on 2026-07-17; Scholar ID verified from a linked public source on 2026-07-17.
person-abovyan-9857bf3a,Abovyan,,,,,,Migrated from the legacy map registries; full-name review pending.
person-acharya-76f65eb0,Amit Acharya,lRpngMEAAAAJ,,,,,Verified against an official CMU directory on 2026-07-17.
person-adams-a5b5ae86,Peter Adams,,,,,,Verified against an official CMU directory on 2026-07-17.
person-aisuluaitbekova-a920cf51,Aisulu Aitbekova,g0Z5Wc8AAAAJ,https://engineering.cmu.edu/directory/bios/aitbekova-aisulu.html,2026-07-17,,https://engineering.cmu.edu/directory/bios/aitbekova-aisulu.html,Added from an official CMU directory on 2026-07-17; Scholar ID verified from a linked public source on 2026-07-17.
person-akinci-3e3b7cc1,Burcu Akinci,5VQf2cgAAAAJ,,,,,Verified against an official CMU directory on 2026-07-17.
person-aksak-f1702f2c,Burak Aksak,UUvF5NkAAAAJ,,,,,Verified against an official CMU directory on 2026-07-17.
person-alexandranewby-4fb2f25f,Alexandra Newby,,,,,,Added from an official CMU directory on 2026-07-17; Scholar ID unresolved.
person-alisonbarth-1f2afa5b,Alison Barth,,,,,,Added from an official CMU directory on 2026-07-17; Scholar ID unresolved.
person-allstot-6ad615ae,David Allstot,,,,,,Verified against an official CMU directory on 2026-07-17.
person-amvrosiadis-29ddc594,George Amvrosiadis,ygiY7C8AAAAJ,,,,,Verified against an official CMU directory on 2026-07-17.
person-andreaspfenning-fa0e2f90,Andreas Pfenning,,,,,,Added from an official CMU directory on 2026-07-17; Scholar ID unresolved.
person-andreazanette-fa7db71d,Andrea Zanette,PSfZDFUAAAAJ,https://azanette.com/,2026-07-17,,https://azanette.com/,Added from an official CMU directory on 2026-07-17; Scholar ID verified from a linked public source on 2026-07-17.
person-andrewilyas-9f6dac37,Andrew Ilyas,Dtw3YBoAAAAJ,https://engineering.cmu.edu/directory/bios/ilyas-andrew.html,2026-07-17,,https://engineering.cmu.edu/directory/bios/ilyas-andrew.html,Added from an official CMU directory on 2026-07-17; Scholar ID verified from a linked public source on 2026-07-17.
person-andrewspielberg-4df438e1,Andrew Spielberg,8JeQMMUAAAAJ,https://www.andrewspielberg.com/home,2026-07-17,,https://www.andrewspielberg.com/home,Added from an official CMU directory on 2026-07-17; Scholar ID verified from a linked public source on 2026-07-17.
person-andrzejstrojwas-c932a868,Andrzej Strojwas,,,,,,Added from an official CMU directory on 2026-07-17; Scholar ID unresolved.
person-anglin-a8736028,Anglin,,,,,,Migrated from the legacy map registries; full-name review pending.
person-anna-cdbc7781,Shelley Anna,2u09mlAAAAAJ,,,,,Verified against an official CMU directory on 2026-07-17.
person-annettejacobson-1594ecd4,Annette Jacobson,,,,,,Added from an official CMU directory on 2026-07-17; Scholar ID unresolved.
person-apierce-b2c0d728,APierce,,,,,,Migrated from the legacy map registries; full-name review pending.
person-arthursugden-74772eb9,Arthur Sugden,,,,,,Added from an official CMU directory on 2026-07-17; Scholar ID unresolved.
person-arthurwesterberg-30882d49,Arthur Westerberg,,,,,,Added from an official CMU directory on 2026-07-17; Scholar ID unresolved.
person-aryngittis-ab7517dd,Aryn Gittis,,,,,,Added from an official CMU directory on 2026-07-17; Scholar ID unresolved.
person-ayoob-3bcb5b1d,Ellen Ayoob,,,,,,Verified against an official CMU directory on 2026-07-17.
person-bain-f729169f,Jim Bain,Ktm9tWwAAAAJ,,,,,Verified against an official CMU directory on 2026-07-17.
person-barbarashinncunningham-96d063b1,Barbara Shinn-Cunningham,,,,,,Added from an official CMU directory on 2026-07-17; Scholar ID unresolved.
person-barr-von-oehsen-995dd42f,James Barr von Oehsen,,,,,,Verified against an official CMU directory on 2026-07-17.
person-bauer-8e3d1320,Lujo Bauer,5cJzDZEAAAAJ,,,,,Verified against an official CMU directory on 2026-07-17.
person-bchen-ca344e62,Beidi Chen,jCNJhFcAAAAJ,,,,,Verified against an official CMU directory on 2026-07-17.
person-beckwithmaddock-1e5ef6fb,Joanne Beckwith Maddock,,,,,,Verified against an official CMU directory on 2026-07-17.
person-bedillion-5c39e382,Mark Bedillion,UIS_G1YAAAAJ,,,,,Verified against an official CMU directory on 2026-07-17.
person-benson-0e101d83,Theophilus Benson,55B-xqUAAAAJ,,,,,Verified against an official CMU directory on 2026-07-17.
person-bergbreiter-b4bad05a,Sarah Bergbreiter,SU0c5P0AAAAJ,,,,,Verified against an official CMU directory on 2026-07-17.
person-berges-0174bc49,Mario Bergés,b7XUPaQAAAAJ,,,,,Verified against an official CMU directory on 2026-07-17.
person-berikydstie-775d9584,B. Erik Ydstie,HiNCNyUAAAAJ,https://engineering.cmu.edu/directory/bios/ydstie-b-erik.html,2026-07-17,,https://engineering.cmu.edu/directory/bios/ydstie-b-erik.html,Added from an official CMU directory on 2026-07-17; Scholar ID verified from a linked public source on 2026-07-17.
person-bettinger-29b6bf00,Bettinger,XKp8JuwAAAAJ,,,,,Migrated from the legacy map registries; full-name review pending.
person-beuth-5961a02d,Jack Beuth,Zz3-zGQAAAAJ,,,,,Verified against an official CMU directory on 2026-07-17.
person-bezy-f47abd0b,Bezy,LNMV_6IAAAAJ,,,,,Migrated from the legacy map registries; full-name review pending.
person-bhagavatula-b81126e7,Vijayakumar Bhagavatula,3IdSGX8AAAAJ,https://engineering.cmu.edu/directory/bios/bhagavatula-vijayakumar.html,2026-07-17,,https://engineering.cmu.edu/directory/bios/bhagavatula-vijayakumar.html,Verified against an official CMU directory on 2026-07-17; Scholar ID verified from a linked public source on 2026-07-17.
person-biegler-a1415ed7,Lorenz Biegler,ymFxqWQAAAAJ,,,,,Verified against an official CMU directory on 2026-07-17.
person-biyabani-0e26ad2b,Biyabani,,,,,,Migrated from the legacy map registries; full-name review pending.
person-blanton-54668acf,Shawn Blanton,,,,,,Verified against an official CMU directory on 2026-07-17.
person-bockstaller-a1dbd67d,Michael Bockstaller,VQJVBdMAAAAJ,,,,,Verified against an official CMU directory on 2026-07-17.
person-bodily-fd4c755b,Brandon H. Bodily,,,,,,Verified against an official CMU directory on 2026-07-17.
person-bolmin-6dfa8453,Ophelia Bolmin,32ZyPkEAAAAJ,,,,,Verified against an official CMU directory on 2026-07-17.
person-brianshyu-9ddf8c62,Brian Shyu,,,,,,Added from an official CMU directory on 2026-07-17; Scholar ID unresolved.
person-brown-ad3a67f7,Tim Brown,8q_lPBoAAAAJ,,,,,Verified against an official CMU directory on 2026-07-17.
person-brucehkrogh-4ea05314,Bruce H. Krogh,,,,,,Added from an official CMU directory on 2026-07-17; Scholar ID unresolved.
person-brumley-1bfcea91,David Brumley,O-29z5AAAAAJ,,,,,Verified against an official CMU directory on 2026-07-17.
person-budnik-d386695e,Budnik,RYA0zwUAAAAJ,,,,,Migrated from the legacy map registries; full-name review pending.
person-busogi-ecf63734,Moise Busogi,TEMlkDMAAAAJ,,,,,Verified against an official CMU directory on 2026-07-17.
person-bustamante-7062b357,Pedro Bustamante,RH_0tmMAAAAJ,,,,,Verified against an official CMU directory on 2026-07-17.
person-cagan-16e7bc91,Jonathan Cagan,VtINcewAAAAJ,,,,,Verified against an official CMU directory on 2026-07-17.
person-cameronnriviere-c8f5fc44,Cameron N. Riviere,,,,,,Added from an official CMU directory on 2026-07-17; Scholar ID unresolved.
person-campbell-74479813,Phil G. Campbell,CxBBWlIAAAAJ,,,,,Verified against an official CMU directory on 2026-07-17.
person-carley-21a0a269,Rick Carley,,,,,,Verified against an official CMU directory on 2026-07-17.
person-chalacheva-f588853e,P. Sang Chalacheva,,,,,,Verified against an official CMU directory on 2026-07-17.
person-chamanzar-94b70a7b,Maysam Chamanzar,gnEgtr8AAAAJ,,,,,Verified against an official CMU directory on 2026-07-17.
person-chan-2024b343,Daphne Wui Yarn Chan,Pstgk60AAAAJ,,,,,Verified against an official CMU directory on 2026-07-17.
person-chan-fc965d45,Justin Chan,dpyzXwMAAAAJ,,,,,Verified against an official CMU directory on 2026-07-17.
person-chase-dd29cfbd,Steven M. Chase,H-pgq9QAAAAJ,,,,,Verified against an official CMU directory on 2026-07-17.
person-chi-25086311,Chi,h1NXfKYAAAAJ,,,,,Migrated from the legacy map registries; full-name review pending.
person-chrishendrickson-c5d421c4,Chris Hendrickson,0LqbCKAAAAAJ,https://engineering.cmu.edu/directory/bios/hendrickson-chris.html,2026-07-17,,https://engineering.cmu.edu/directory/bios/hendrickson-chris.html,Added from an official CMU directory on 2026-07-17; Scholar ID verified from a linked public source on 2026-07-17.
person-christian-a1f6caea,Sarah Christian,,,,,,Verified against an official CMU directory on 2026-07-17.
person-christin-60194590,Nicolas Christin,X5buTmMAAAAJ,,,,,Verified against an official CMU directory on 2026-07-17.
person-coffelt-0feda5ba,Coffelt,0oI3MWkAAAAJ,,,,,Migrated from the legacy map registries; full-name review pending.
person-cohen-karni-eb20363d,Tzahi Cohen-Karni,7dey80AAAAAJ,,,,,Verified against an official CMU directory on 2026-07-17. Directory name variants: Tzahi (Itzhaq) Cohen-Karni; Tzahi Cohen-Karni.
person-cohon-8a9512c6,Cohon,,,,,,Migrated from the legacy map registries; full-name review pending.
person-combemale-cc33b973,Christophe Combemale,EoRxB3gAAAAJ,,,,,Verified against an official CMU directory on 2026-07-17.
person-cook-2d634c17,Keith E. Cook,sAdoeA8AAAAJ,,,,,Verified against an official CMU directory on 2026-07-17.
person-corder-85362a88,Lloyd Corder,,,,,,Verified against an official CMU directory on 2026-07-17.
person-costasamaras-5d34bb32,Costa Samaras,yReyGAwAAAAJ,https://engineering.cmu.edu/directory/bios/samaras-costa.html,2026-07-17,,https://engineering.cmu.edu/directory/bios/samaras-costa.html,Added from an official CMU directory on 2026-07-17; Scholar ID verified from a linked public source on 2026-07-17.
person-cranor-fbc855c4,Lorrie Cranor,kIUqgbcAAAAJ,,,,,Verified against an official CMU directory on 2026-07-17.
person-da-silva-sousa-4b72157b,Leonardo da Silva Sousa,Fl1qHEAAAAAJ,,,,,Verified against an official CMU directory on 2026-07-17.
person-dai-db83fd8d,Lake Dai,,,,,,Verified against an official CMU directory on 2026-07-17.
person-damonweiss-bfc30ae1,Damon Weiss,uEt7V18AAAAJ,https://engineering.cmu.edu/directory/bios/weiss-damon.html,2026-07-17,,https://engineering.cmu.edu/directory/bios/weiss-damon.html,Added from an official CMU directory on 2026-07-17; Scholar ID verified from a linked public source on 2026-07-17.
person-dandin-e72bd7be,Marc Dandin,mjixDB8AAAAJ,,,,,Verified against an official CMU directory on 2026-07-17.
person-danielsiewiorek-9c874b22,Daniel Siewiorek,B13SvmAAAAAJ,https://hcii.cmu.edu/people/daniel-siewiorek,2026-07-18,,https://hcii.cmu.edu/people/daniel-siewiorek,Scholar ID verified from the official CMU HCII profile on 2026-07-18.
person-daviddzombak-bbc748e3,David Dzombak,Dnezdi8AAAAJ,https://engineering.cmu.edu/directory/bios/dzombak-david.html,2026-07-17,,https://engineering.cmu.edu/directory/bios/dzombak-david.html,Added from an official CMU directory on 2026-07-17; Scholar ID verified from a linked public source on 2026-07-17.
person-davidgreve-68956618,David Greve,,,,,,Added from an official CMU directory on 2026-07-17; Scholar ID unresolved.
person-davidhounshell-c5fbd2c1,David Hounshell,,,,,,Added from an official CMU directory on 2026-07-17; Scholar ID unresolved.
person-davidlaughlin-7431e470,David Laughlin,WSdMg_4AAAAJ,https://engineering.cmu.edu/directory/bios/laughlin-david.html,2026-07-17,,https://engineering.cmu.edu/directory/bios/laughlin-david.html,Added from an official CMU directory on 2026-07-17; Scholar ID verified from a linked public source on 2026-07-17.
person-davidnlambeth-561cbc91,David N. Lambeth,,,,,,Added from an official CMU directory on 2026-07-17; Scholar ID unresolved.
person-dayal-b41ee56d,Kaushik Dayal,DquTIDQAAAAJ,,,,,Verified against an official CMU directory on 2026-07-17.
person-de-boer-74d71c7c,Maarten de Boer,P1OWCkAAAAAJ,,,,,Verified against an official CMU directory on 2026-07-17.
person-deanabrown-76f421eb,Deana Brown,,,,,,Added from an official CMU directory on 2026-07-17; Scholar ID unresolved.
person-degraef-e8ced3ef,Marc De Graef,ZTnog9YAAAAJ,,,,,Verified against an official CMU directory on 2026-07-17.
person-denaharitostsamitis-8c62f52c,Dena Haritos Tsamitis,,,,,,Added from an official CMU directory on 2026-07-17; Scholar ID unresolved.
person-dennistrumble-393317e1,Dennis Trumble,EuKnWaEAAAAJ,https://engineering.cmu.edu/directory/bios/trumble-dennis.html,2026-07-17,,https://engineering.cmu.edu/directory/bios/trumble-dennis.html,Added from an official CMU directory on 2026-07-17; Scholar ID verified from a linked public source on 2026-07-17.
person-derinsevenler-2dc79cdc,Derin Sevenler,2QAce2gAAAAJ,https://engineering.cmu.edu/directory/bios/sevenler-derin.html,2026-07-17,,https://engineering.cmu.edu/directory/bios/sevenler-derin.html,Added from an official CMU directory on 2026-07-17; Scholar ID verified from a linked public source on 2026-07-17.
person-desantis-70c1be11,DeSantis,jT2YySMAAAAJ,,,,,Migrated from the legacy map registries; full-name review pending.
person-dickey-a1bbedfe,Elizabeth Dickey,0P7IAs8AAAAJ,,,,,Verified against an official CMU directory on 2026-07-17.
person-dobson-a33e22c9,Geoffrey Dobson,,,,,,Verified against an official CMU directory on 2026-07-17.
person-donahue-f4c5ce86,Neil Donahue,ILambBMAAAAJ,,,,,Verified against an official CMU directory on 2026-07-17.
person-donaldcoffeltpe-08cca73f,"Donald Coffelt, P.E.",,,,,,Added from an official CMU directory on 2026-07-17; Scholar ID unresolved.
person-doroncohen-ee7f0353,Doron Cohen,PGDyTI8AAAAJ,https://engineering.cmu.edu/directory/bios/cohen-doron.html,2026-07-17,,https://engineering.cmu.edu/directory/bios/cohen-doron.html,Added from an official CMU directory on 2026-07-17; Scholar ID verified from a linked public source on 2026-07-17.
person-drewdavidson-1665b33f,Drew Davidson,,,,,,Added from an official CMU directory on 2026-07-17; Scholar ID unresolved.
person-edwardrubin-5cdd285c,Edward Rubin,,,,,,Added from an official CMU directory on 2026-07-17; Scholar ID unresolved.
person-elizabethcasman-509d4206,Elizabeth Casman,k8VNPJ4AAAAJ,https://engineering.cmu.edu/directory/bios/casman-elizabeth.html,2026-07-17,,https://engineering.cmu.edu/directory/bios/casman-elizabeth.html,Added from an official CMU directory on 2026-07-17; Scholar ID verified from a linked public source on 2026-07-17.
person-erdogmus-94eea046,Hakan Erdogmus,4PU5ZFYV-iEC,,,,,Verified against an official CMU directory on 2026-07-17.
person-ericyttri-efbcbe2f,Eric Yttri,,,,,,Added from an official CMU directory on 2026-07-17; Scholar ID unresolved.
person-evans-924d128f,Evans,iA6lDVMAAAAJ,,,,,Migrated from the legacy map registries; full-name review pending.
person-fakhreddine-83227750,Sarah Fakhreddine,Uz5IxwgAAAAJ,,,,,Verified against an official CMU directory on 2026-07-17.
person-fang-32e23aaf,Catherine Fang,,,,,,Verified against an official CMU directory on 2026-07-17.
person-fangweisi-54f4d242,Fangwei Si,o-Ra68kAAAAJ,https://www.cmu.edu/physics/people/faculty/si.html,2026-07-17,,https://www.cmu.edu/physics/people/faculty/si.html,Added from an official CMU directory on 2026-07-17; Scholar ID verified from a linked public source on 2026-07-17.
person-fanti-b183a14d,Giulia Fanti,Rn_BmTYAAAAJ,,,,,Verified against an official CMU directory on 2026-07-17.
person-farag-2e63ed67,Mohamed Farag,,,,,,Verified against an official CMU directory on 2026-07-17.
person-farimani-2fc46be1,Amir Barati Farimani,aH52nxkAAAAJ,,,,,Verified against an official CMU directory on 2026-07-17.
person-fedder-9b6d9713,Gary Fedder,JOMYt6gAAAAJ,,,,,Verified against an official CMU directory on 2026-07-17.
person-feinberg-095ac87b,Adam W. Feinberg,cncJ21oAAAAJ,,,,,Verified against an official CMU directory on 2026-07-17. Directory name variants: Adam Feinberg; Adam W. Feinberg.
person-ferreira-670acf30,Pedro Ferreira,zWAt8DYAAAAJ,,,,,Verified against an official CMU directory on 2026-07-17.
person-finger-6029100c,Susan Finger,C-rJaTIAAAAJ,,,,,Verified against an official CMU directory on 2026-07-17.
person-fischbeck-f33a9da9,Paul Fischbeck,,,,,,Verified against an official CMU directory on 2026-07-17.
person-fischhoff-eeee3c3b,Baruch Fischhoff,GxvFzdcAAAAJ,,,,,Verified against an official CMU directory on 2026-07-17.
person-flanigan-59555f39,Katherine Flanigan,sdeRYSMAAAAJ,,,,,Verified against an official CMU directory on 2026-07-17.
person-franchetti-3c3c9126,Franz Franchetti,SHcIvuoAAAAJ,,,,,Verified against an official CMU directory on 2026-07-17.
person-frederikedumbgen-bce91ff8,Frederike Dümbgen,45QAZbUAAAAJ,https://engineering.cmu.edu/directory/bios/d%C3%BCmbgen-frederike.html,2026-07-17,,https://engineering.cmu.edu/directory/bios/d%C3%BCmbgen-frederike.html,Added from an official CMU directory on 2026-07-17; Scholar ID verified from a linked public source on 2026-07-17.
person-fuchs-adfe3d53,Erica Fuchs,,,,,,Verified against an official CMU directory on 2026-07-17.
person-ganger-9385a346,Greg Ganger,l6oz33MAAAAJ,,,,,Verified against an official CMU directory on 2026-07-17.
person-garykfedder-4bea1509,Gary K. Fedder,,,,,,Added from an official CMU directory on 2026-07-17; Scholar ID unresolved.
person-gellman-e67f2c1e,Andrew Gellman,ZejbkR4AAAAJ,,,,,Verified against an official CMU directory on 2026-07-17.
person-gemperle-38026a7a,Francine Gemperle,,,,,,Verified against an official CMU directory on 2026-07-17.
person-gibbons-99e0376f,Phil Gibbons,F9kqUXkAAAAJ,,,,,Verified against an official CMU directory on 2026-07-17.
person-gligor-f4a4c729,Virgil Gligor,,,,,,Verified against an official CMU directory on 2026-07-17.
person-gomes-b0fceb89,Gabe Gomes,ILac8DwAAAAJ,,,,,Verified against an official CMU directory on 2026-07-17.
person-gomez-be1b1293,Nestor Gomez,,,,,,Verified against an official CMU directory on 2026-07-17.
person-gordon-36de3549,Hamish Gordon,AqrJMYIAAAAJ,,,,,Verified against an official CMU directory on 2026-07-17.
person-gounaris-41caf631,Chrysanthos Gounaris,CINe7CgAAAAJ,,,,,Verified against an official CMU directory on 2026-07-17.
person-grande-gutierrez-657b0ef2,Noelia Grande Gutiérrez,HzsuNvEAAAAJ,,,,,Verified against an official CMU directory on 2026-07-17.
person-gregory-a0be117c,Kelvin Gregory,vlworSwAAAAJ,,,,,Verified against an official CMU directory on 2026-07-17.
person-grossman-4b111234,Ignacio Grossmann,fiZryxEAAAAJ,https://engineering.cmu.edu/directory/bios/grossmann-ignacio.html,2026-07-17,,https://engineering.cmu.edu/directory/bios/grossmann-ignacio.html,Migrated from the legacy map registries; Added from an official CMU directory on 2026-07-17; Merged duplicate registry identity person-ignaciogrossmann-9820240a on 2026-07-17; Scholar ID verified from a linked public source on 2026-07-17.
person-grover-6fe91ccb,Pulkit Grover,hklOXvkAAAAJ,,,,,Verified against an official CMU directory on 2026-07-17.
person-gueye-49522a23,Gueye,AgCgDcUAAAAJ,,,,,Migrated from the legacy map registries; full-name review pending.
person-guidi-4e07793b,Guidi,,,,,,Migrated from the legacy map registries; full-name review pending.
person-haidar-c8674d18,Diana Haidar,,,,,,Verified against an official CMU directory on 2026-07-17.
person-halilaj-4332d0fd,Eni Halilaj,Fr9Vhe4AAAAJ,,,,,Verified against an official CMU directory on 2026-07-17.
person-hammal-2113d287,Zakia Hammal,,,,,,Verified against an official CMU directory on 2026-07-17.
person-harper-452dbf2e,Corey Harper,79Ml-9YAAAAJ,,,,,Verified against an official CMU directory on 2026-07-17.
person-hartmutgeyer-88f6fd3d,Hartmut Geyer,,,,,,Added from an official CMU directory on 2026-07-17; Scholar ID unresolved.
person-he-26612aee,Bin He,vBhJwrkAAAAJ,,,,,Verified against an official CMU directory on 2026-07-17.
person-heard-72bdd1c8,Robert Heard,ZdkogE8AAAAJ,,,,,Verified against an official CMU directory on 2026-07-17.
person-hershberger-c26f52a7,Chad Hershberger,,,,,,Verified against an official CMU directory on 2026-07-17.
person-hibshi-a9d6d46a,Hanan Hibshi,6p23pUgAAAAJ,,,,,Verified against an official CMU directory on 2026-07-17.
person-hindsbo-4ed0c421,Mark Hindsbo,,,,,,Verified against an official CMU directory on 2026-07-17.
person-hoe-0e4c631b,James C. Hoe,ZnRhcFUAAAAJ,,,,,Verified against an official CMU directory on 2026-07-17.
person-howiechoset-b577f971,Howie Choset,,,,,,Added from an official CMU directory on 2026-07-17; Scholar ID unresolved.
person-hpierce-4a52bd4a,HPierce,,,,,,Migrated from the legacy map registries; full-name review pending.
person-indiranair-146b663d,Indira Nair,,,,,,Added from an official CMU directory on 2026-07-17; Scholar ID unresolved.
person-islam-df3e639a,Mohammad Islam,SL5tv4gAAAAJ,,,,,Verified against an official CMU directory on 2026-07-17.
person-ismailadabo-7d114005,Ismaila Dabo,rN299m0AAAAJ,https://engineering.cmu.edu/directory/bios/dabo-ismaila.html,2026-07-17,,https://engineering.cmu.edu/directory/bios/dabo-ismaila.html,Added from an official CMU directory on 2026-07-17; Scholar ID verified from a linked public source on 2026-07-17.
person-jackmoffett-7679caf4,Jack Moffett,,,,,,Added from an official CMU directory on 2026-07-17; Scholar ID unresolved.
person-jacobobielak-6e4c752e,Jacobo Bielak,,,,,,Added from an official CMU directory on 2026-07-17; Scholar ID unresolved.
person-jacobson-b7f331d0,Quinn Jacobson,,,,,,Verified against an official CMU directory on 2026-07-17.
person-jamesgarrett-c514e8dd,James Garrett,xE61MGkAAAAJ,https://engineering.cmu.edu/directory/bios/garrett-james.html,2026-07-17,,https://engineering.cmu.edu/directory/bios/garrett-james.html,Added from an official CMU directory on 2026-07-17; Scholar ID verified from a linked public source on 2026-07-17.
person-jamesgoodby-c075bf08,James Goodby,,,,,,Added from an official CMU directory on 2026-07-17; Scholar ID unresolved.
person-jameswschneider-bd0927c3,James W. Schneider,,,,,,Added from an official CMU directory on 2026-07-17; Scholar ID unresolved.
person-jaramillo-d857bcb1,Paulina Jaramillo,lSgFdtIAAAAJ,,,,,Verified against an official CMU directory on 2026-07-17.
person-jayan-42e30367,Reeja Jayan,NNSeBe4AAAAJ,,,,,Verified against an official CMU directory on 2026-07-17.
person-jayapt-f4e30f86,Jay Apt,YI3ga_EAAAAJ,https://engineering.cmu.edu/directory/bios/apt-jerome.html,2026-07-17,,https://engineering.cmu.edu/directory/bios/apt-jerome.html,Added from an official CMU directory on 2026-07-17; Scholar ID verified from a linked public source on 2026-07-17.
person-jen-b71e73a9,Coty Jen,c8e3DUMAAAAJ,,,,,Verified against an official CMU directory on 2026-07-17.
person-jia-ffa798af,Limin Jia,yjJPtE4AAAAJ,,,,,Verified against an official CMU directory on 2026-07-17.
person-joeltarr-544325aa,Joel Tarr,WWTfYX0AAAAJ,https://engineering.cmu.edu/directory/bios/tarr-joel.html,2026-07-17,,https://engineering.cmu.edu/directory/bios/tarr-joel.html,Added from an official CMU directory on 2026-07-17; Scholar ID verified from a linked public source on 2026-07-17.
person-joewong-e33a3f98,Carlee Joe-Wong,XEztdZgAAAAJ,,,,,Verified against an official CMU directory on 2026-07-17.
person-johngaleotti-37cb2f70,John Galeotti,,,,,,Added from an official CMU directory on 2026-07-17; Scholar ID unresolved.
person-johnson-33f7c17d,Aaron Johnson,GN5Mc3UAAAAJ,,,,,Verified against an official CMU directory on 2026-07-17.
person-jones-a6c6f6eb,Trevor Jones,mI7VyEYAAAAJ,,,,,Verified against an official CMU directory on 2026-07-17.
person-josephcalandrino-1dc34730,Joseph Calandrino,3rtpD0gAAAAJ,https://engineering.cmu.edu/directory/bios/calandrino-joseph.html,2026-07-17,,https://engineering.cmu.edu/directory/bios/calandrino-joseph.html,Added from an official CMU directory on 2026-07-17; Scholar ID verified from a linked public source on 2026-07-17.
person-josephdecarolis-f63e94ea,Joseph DeCarolis,,,,,,Added from an official CMU directory on 2026-07-17; Scholar ID unresolved.
person-joshi-1d844162,Gauri Joshi,yqIoH34AAAAJ,,,,,Verified against an official CMU directory on 2026-07-17.
person-juanchamorro-e7c25e5d,Juan Chamorro,sF_SWEoAAAAJ,https://engineering.cmu.edu/directory/bios/chamorro-juan.html,2026-07-17,,https://engineering.cmu.edu/directory/bios/chamorro-juan.html,Added from an official CMU directory on 2026-07-17; Scholar ID verified from a linked public source on 2026-07-17.
person-kainerstorfer-88fc8b68,Jana Kainerstorfer,QsY8HmEAAAAJ,,,,,Verified against an official CMU directory on 2026-07-17.
person-kairu-14ca5b2b,Kairu,,,,,,Migrated from the legacy map registries; full-name review pending.
person-kang-ef35dc6b,Inseung Kang,jcgAPTYAAAAJ,,,,,Verified against an official CMU directory on 2026-07-17.
person-kar-bb0538bb,Soummya Kar,Whnmnb0AAAAJ,https://orcid.org/0000-0002-8060-5581,2026-07-17,,https://orcid.org/0000-0002-8060-5581,Verified against an official CMU directory on 2026-07-17; Scholar ID verified from a linked public source on 2026-07-17.
person-kara-4fc3c61d,Levent Burak Kara,_X2eOeQAAAAJ,,,,,Verified against an official CMU directory on 2026-07-17.
person-karplus-46bd74eb,Valerie Karplus,dJSe9EUAAAAJ,,,,,Verified against an official CMU directory on 2026-07-17.
person-kathleenbieryla-87b2f53e,Kathleen Bieryla,,,,,,Added from an official CMU directory on 2026-07-17; Scholar ID unresolved.
person-kathrynawhitehead-a7cb42d2,Kathryn A. Whitehead,,,,,,Added from an official CMU directory on 2026-07-17; Scholar ID unresolved.
person-kesden-42ff2fee,Greg Kesden,,,,,,Verified against an official CMU directory on 2026-07-17.
person-khair-ccd09f0b,Aditya Khair,PInIkl8AAAAJ,,,,,Verified against an official CMU directory on 2026-07-17.
person-kim-9c9e03f8,Hyong Kim,,,,,,Verified against an official CMU directory on 2026-07-17.
person-kirmayer-39a93bbe,Matt Kirmayer,,,,,,Verified against an official CMU directory on 2026-07-17.
person-kitchin-430a3a16,John Kitchin,jD_4h7sAAAAJ,,,,,Verified against an official CMU directory on 2026-07-17.
person-koopman-ed56c669,Philip Koopman,DFtapYEAAAAJ,,,,,Verified against an official CMU directory on 2026-07-17.
person-krause-077fe444,Amanda Krause,l5EsegcAAAAJ,,,,,Verified against an official CMU directory on 2026-07-17.
person-kumar-6287fc1e,Swarun S. Kumar,WfaqxlgAAAAJ,,,,,Verified against an official CMU directory on 2026-07-17.
person-kuo-dde7bf19,Cynthia Kuo,,,,,,Verified against an official CMU directory on 2026-07-17.
person-kurchin-659ab807,Rachel Kurchin,CSHe53oAAAAJ,,,,,Verified against an official CMU directory on 2026-07-17.
person-kyu-0bc062fa,KYu,wP966k4AAAAJ,,,,,Migrated from the legacy map registries; full-name review pending.
person-laird-31c02e10,Carl Laird,0B3gfuoAAAAJ,,,,,Verified against an official CMU directory on 2026-07-17.
person-lamont-5ae4f21b,David Lamont,,,,,,Verified against an official CMU directory on 2026-07-17.
person-laurafulton-50f57109,Laura Fulton,,,,,,Added from an official CMU directory on 2026-07-17; Scholar ID unresolved.
person-lauramccann-e1bf8e0e,Laura McCann,CVcWiqkAAAAJ,https://www.cmu.edu/bme/People/Faculty/profile/lmccann.html,2026-07-17,,https://www.cmu.edu/bme/People/Faculty/profile/lmccann.html,Added from an official CMU directory on 2026-07-17; Scholar ID verified from a linked public source on 2026-07-17.
person-leduc-c67ec102,Philip LeDuc,sLEB9iYAAAAJ,,,,,Verified against an official CMU directory on 2026-07-17.
person-lee-6fb6b6ce,Lee,,,,,,Migrated from the legacy map registries; full-name review pending.
person-li-ae1583b9,Qing Li,yafW7KUAAAAJ,,,,,Verified against an official CMU directory on 2026-07-17.
person-litster-5e29d877,Shawn Litster,7zUqi1sAAAAJ,,,,,Verified against an official CMU directory on 2026-07-17.
person-low-f840046d,Tze Meng Low,hlh0cocAAAAJ,,,,,Verified against an official CMU directory on 2026-07-17.
person-lowry-4c51794b,Gregory Lowry,gFZ3W5wAAAAJ,,,,,Verified against an official CMU directory on 2026-07-17.
person-lucia-d6b155b6,Brandon Lucia,a9T7i5QAAAAJ,,,,,Verified against an official CMU directory on 2026-07-17.
person-luhanga-fe2b0f83,Edith Luhanga,KZ5QmxQAAAAJ,,,,,Verified against an official CMU directory on 2026-07-17.
person-mai-e114ceea,Ken Mai,-syEyyAAAAAJ,,,,,Verified against an official CMU directory on 2026-07-17.
person-majidi-278b8bf0,Carmel Majidi,1LyndUsAAAAJ,,,,,Verified against an official CMU directory on 2026-07-17.
person-malen-3652f991,Jonathan Malen,U8r6ir4AAAAJ,,,,,Verified against an official CMU directory on 2026-07-17.
person-manuelaveloso-de310b32,Manuela Veloso,,,,,,Added from an official CMU directory on 2026-07-17; Scholar ID unresolved.
person-marceljust-0b02dca4,Marcel Just,,,,,,Added from an official CMU directory on 2026-07-17; Scholar ID unresolved.
person-marchetti-3c4ff8f0,Marchetti,,,,,,Migrated from the legacy map registries; full-name review pending.
person-marijailic-28ba62d6,Marija Ilic,,,,,,Added from an official CMU directory on 2026-07-17; Scholar ID unresolved.
person-markkryder-6d687350,Mark Kryder,,,,,,Added from an official CMU directory on 2026-07-17; Scholar ID unresolved.
person-marksanders-06ad7482,Mark Sanders,,,,,,Added from an official CMU directory on 2026-07-17; Scholar ID unresolved.
person-marom-b1a40905,Noa Marom,iz8reBoAAAAJ,,,,,Verified against an official CMU directory on 2026-07-17.
person-matthews-6826d2d7,Deanna Matthews,,,,,,Verified against an official CMU directory on 2026-07-17.
person-mayer-cb8d8bca,Theresa Mayer,-x16PXsAAAAJ,,,,,Verified against an official CMU directory on 2026-07-17.
person-mccomb-03260969,Christopher McComb,0P9w_S0AAAAJ,,,,,Verified against an official CMU directory on 2026-07-17.
person-mcgaughey-00e68c73,Alan McGaughey,HmNtygkAAAAJ,,,,,Verified against an official CMU directory on 2026-07-17.
person-mchenry-35c892fa,Michael McHenry,jtorb88AAAAJ,,,,,Verified against an official CMU directory on 2026-07-17.
person-mcsharry-6754faff,McSharry,0bg-uVgAAAAJ,,,,,Migrated from the legacy map registries; full-name review pending.
person-mercier-231c4789,Gladys Mercier,,,,,,Verified against an official CMU directory on 2026-07-17.
person-michaeldomach-3f5c4b8e,Michael Domach,,,,,,Added from an official CMU directory on 2026-07-17; Scholar ID unresolved.
person-michaelgriffin-418ad202,Michael Griffin,wqfM31YAAAAJ,https://engineering.cmu.edu/directory/bios/griffin-michael.html,2026-07-17,,https://engineering.cmu.edu/directory/bios/griffin-michael.html,Added from an official CMU directory on 2026-07-17; Scholar ID verified from a linked public source on 2026-07-17.
person-michaelmattarock-eddf8f62,Michael Mattarock,,,,,,Added from an official CMU directory on 2026-07-17; Scholar ID unresolved.
person-michaelmdomach-f0eec98b,Michael M. Domach,,,,,,Added from an official CMU directory on 2026-07-17; Scholar ID unresolved.
person-michalek-7bcce5ed,Jeremy Michalek,92jyX2EAAAAJ,,,,,Verified against an official CMU directory on 2026-07-17.
person-miller-f75a088e,David Miller,,,,,,Verified against an official CMU directory on 2026-07-17.
person-mitchellsmall-5efaace7,Mitchell Small,ltRYan0AAAAJ,https://engineering.cmu.edu/directory/bios/small-mitchell.html,2026-07-17,,https://engineering.cmu.edu/directory/bios/small-mitchell.html,Added from an official CMU directory on 2026-07-17; Scholar ID verified from a linked public source on 2026-07-17.
person-mohan-3ebcee91,Mohan,w3_2J7EAAAAJ,,,,,Migrated from the legacy map registries; full-name review pending.
person-montalvo-e3dadb03,Montalvo,,,,,,Migrated from the legacy map registries; full-name review pending.
person-moore-6001adb4,Joe Moore,w4L5vaEAAAAJ,,,,,Verified against an official CMU directory on 2026-07-17.
person-moore-b9db8492,Axel Moore,XEMsPO8AAAAJ,,,,,Verified against an official CMU directory on 2026-07-17.
person-morgan-6d24496e,M. Granger Morgan,zQluaMIAAAAJ,,,,,Verified against an official CMU directory on 2026-07-17. Directory name variants: Granger Morgan; M. Granger Morgan.
person-moura-064facc2,José Moura,qoFYHTMAAAAJ,,,,,Verified against an official CMU directory on 2026-07-17.
person-mugume-30be9721,Edwin Mugume,LMW7_-YAAAAJ,,,,,Verified against an official CMU directory on 2026-07-17.
person-mukamakuza-cdc4d4f2,Carine Mukamakuza,rVFrmkQAAAAJ,,,,,Verified against an official CMU directory on 2026-07-17.
person-mukherjee-a39c3cc5,Tamal Mukherjee,,,,,,Verified against an official CMU directory on 2026-07-17.
person-muller-8255c23a,Nicholas Muller,y_TKscEAAAAJ,https://engineering.cmu.edu/directory/bios/muller-nicholas.html,2026-07-17,,https://engineering.cmu.edu/directory/bios/muller-nicholas.html,Verified against an official CMU directory on 2026-07-17; Scholar ID verified from a linked public source on 2026-07-17.
person-murphy-c40fd480,Melissa Murphy,,,,,,Verified against an official CMU directory on 2026-07-17.
person-myungjhon-172420d3,Myung Jhon,QJ1yWLoAAAAJ,https://engineering.cmu.edu/directory/bios/jhon-myung.html,2026-07-17,,https://engineering.cmu.edu/directory/bios/jhon-myung.html,Added from an official CMU directory on 2026-07-17; Scholar ID verified from a linked public source on 2026-07-17.
person-nace-a633beaa,Bill Nace,,,,,,Verified against an official CMU directory on 2026-07-17.
person-nakahira-b4d4f27c,Yorie Nakahira,jnmyOEYAAAAJ,,,,,Verified against an official CMU directory on 2026-07-17.
person-narasimhan-90bae6a9,Priya Narasimhan,qyPWUBcAAAAJ,,,,,Verified against an official CMU directory on 2026-07-17.
person-narra-914c4179,Sneha Prabha Narra,LxF27NYAAAAJ,,,,,Verified against an official CMU directory on 2026-07-17.
person-nathanwilliams-c39ff2c6,Nathan Williams,,,,,,Added from an official CMU directory on 2026-07-17; Scholar ID unresolved.
person-ndashimye-708e8602,Emmanuel Ndashimye,6y_k3EgAAAAJ,,,,,Verified against an official CMU directory on 2026-07-17.
person-ndibwile-7c880838,Jema Ndibwile,tRmAOagAAAAJ,,,,,Verified against an official CMU directory on 2026-07-17.
person-negi-90a281dc,Rohit Negi,ppVNXUsAAAAJ,,,,,Verified against an official CMU directory on 2026-07-17.
person-niepa-0590e1cc,Tagbo Herman Roland Niepa,aYUS1DkAAAAJ,,,,,Verified against an official CMU directory on 2026-07-17. Directory name variants: Tagbo H.R. Niepa; Tagbo Herman Roland Niepa.
person-niloofarmireshghallah-fcac6b9b,Niloofar Mireshghallah,WUCu45YAAAAJ,https://mireshghallah.github.io/,2026-07-17,,https://mireshghallah.github.io/,Added from an official CMU directory on 2026-07-17; Scholar ID verified from a linked public source on 2026-07-17.
person-niyizamwiyitira-a5bb0841,Niyizamwiyitira,7uodSIcAAAAJ,,,,,Migrated from the legacy map registries; full-name review pending.
person-nock-63d8bf3b,Destenie Nock,PSZN_hMAAAAJ,,,,,Verified against an official CMU directory on 2026-07-17.
person-o-connor-5200d92d,Thomas O’Connor,asQ8ccIAAAAJ,,,,,Verified against an official CMU directory on 2026-07-17.
person-ogoke-7872259f,Francis Ogoke,wtuGC_wAAAAJ,,,,,Verified against an official CMU directory on 2026-07-17.
person-ohallaron-7497ec78,OHallaron,738WppcAAAAJ,,,,,Migrated from the legacy map registries; full-name review pending.
person-okeyo-52c5642d,George Okeyo,oyaImDQAAAAJ,,,,,Verified against an official CMU directory on 2026-07-17.
person-olexandrisayev-f148dda9,Olexandr Isayev,7ICaR4EAAAAJ,https://olexandrisayev.com/about/,2026-07-18,0000-0001-7581-8497,https://olexandrisayev.com/,Current faculty-controlled site points to 7ICaR4EAAAAJ; older conflicting profile VFCd8N4AAAAJ was not selected.
person-oliviahsu-146849d5,Olivia Hsu,t67CRMYAAAAJ,https://engineering.cmu.edu/directory/bios/hsu-olivia.html,2026-07-17,,https://engineering.cmu.edu/directory/bios/hsu-olivia.html,Added from an official CMU directory on 2026-07-17; Scholar ID verified from a linked public source on 2026-07-17.
person-ott-7365d9e5,Adrian Ott,,,,,,Verified against an official CMU directory on 2026-07-17.
person-ozdoganlar-a7be9b75,O. Burak Ozdoganlar,F3UFKWMAAAAJ,https://engineering.cmu.edu/directory/bios/ozdoganlar-burak.html,2026-07-17,,https://engineering.cmu.edu/directory/bios/ozdoganlar-burak.html,Verified against an official CMU directory on 2026-07-17; Added from an official CMU directory on 2026-07-17; Merged duplicate registry identity person-oburakozdoganlar-e6585356 on 2026-07-17; Scholar ID verified from a linked public source on 2026-07-17.
person-ozis-873a4383,Fethiye Ozis,,,,,,Verified against an official CMU directory on 2026-07-17.
person-palchesko-804bc94c,Rachelle Palchesko,LyK-4aEAAAAJ,,,,,Verified against an official CMU directory on 2026-07-17.
person-panagakos-48889ebe,Panagakos,pk31kMgAAAAJ,,,,,Migrated from the legacy map registries; full-name review pending.
person-panat-b885e071,Rahul Panat,y1-WJhYAAAAJ,,,,,Verified against an official CMU directory on 2026-07-17.
person-parno-a6e69990,Bryan Parno,kTTBpJkAAAAJ,,,,,Verified against an official CMU directory on 2026-07-17.
person-paulsides-2aad7e27,Paul Sides,,,,,,Added from an official CMU directory on 2026-07-17; Scholar ID unresolved.
person-paulsteif-bdb00428,Paul Steif,NVHAIw4AAAAJ,https://engineering.cmu.edu/directory/bios/steif-paul.html,2026-07-17,,https://engineering.cmu.edu/directory/bios/steif-paul.html,Added from an official CMU directory on 2026-07-17; Scholar ID verified from a linked public source on 2026-07-17.
person-paulwynblatt-586a81f4,Paul Wynblatt,,,,,,Added from an official CMU directory on 2026-07-17; Scholar ID unresolved.
person-peca-d823cc40,Peca,1mNkJwgAAAAJ,,,,,Migrated from the legacy map registries; full-name review pending.
person-peha-1313240b,Jon Peha,uhIGX-MAAAAJ,,,,,Verified against an official CMU directory on 2026-07-17.
person-peraire-bcbd50cf,Cécile Péraire,F8Tqw_kAAAAJ,,,,,Verified against an official CMU directory on 2026-07-17.
person-perkins-d0de49ef,Perkins,,,,,,Migrated from the legacy map registries; full-name review pending.
person-philiprleduc-0f44c586,Philip R. LeDuc,,,,,,Added from an official CMU directory on 2026-07-17; Scholar ID unresolved.
person-piazza-bcb829db,Gianluca (Gian) Piazza,K98bfxEAAAAJ,,,,,Verified against an official CMU directory on 2026-07-17.
person-pileggi-e79f184f,Larry Pileggi,Mm-vQM8AAAAJ,,,,,Verified against an official CMU directory on 2026-07-17.
person-pistorius-4e58727c,P. Chris Pistorius,oP6n73gAAAAJ,,,,,Verified against an official CMU directory on 2026-07-17.
person-porter-9bb421fc,Lisa Porter,RrSOHq8AAAAJ,,,,,Verified against an official CMU directory on 2026-07-17.
person-pozzi-244d5cb8,Matteo Pozzi,NldhiuYAAAAJ,,,,,Verified against an official CMU directory on 2026-07-17.
person-prasenjitmitra-4043ce5d,Prasenjit Mitra,8PbgiPkAAAAJ,https://engineering.cmu.edu/directory/bios/mitra-prasenjit.html,2026-07-17,,https://engineering.cmu.edu/directory/bios/mitra-prasenjit.html,Added from an official CMU directory on 2026-07-17; Scholar ID verified from a linked public source on 2026-07-17.
person-presto-a6f7db70,Albert Presto,4iYpwt8AAAAJ,,,,,Verified against an official CMU directory on 2026-07-17.
person-qian-b45264e0,Sean Qian,i8vD3O0AAAAJ,,,,,Verified against an official CMU directory on 2026-07-17.
person-qu-aaafb634,Guannan Qu,oFIXoy8AAAAJ,,,,,Verified against an official CMU directory on 2026-07-17.
person-rabin-0f2e3379,Yoed Rabin,INTSXtcAAAAJ,,,,,Verified against an official CMU directory on 2026-07-17.
person-racz-571e1ce0,Racz,_ZWLAHkAAAAJ,,,,,Migrated from the legacy map registries; full-name review pending.
person-rafawodarski-4596864f,Rafał Włodarski,,,,,,Added from an official CMU directory on 2026-07-17; Scholar ID unresolved.
person-rajkumar-4d24084d,Raj Rajkumar,6JU9KqgAAAAJ,,,,,Verified against an official CMU directory on 2026-07-17.
person-ramakrishnan-66c33015,Ramakrishnan,,,,,,Migrated from the legacy map registries; full-name review pending.
person-rawn-8123da6a,Barry Rawn,wVMHcqoAAAAJ,,,,,Verified against an official CMU directory on 2026-07-17.
person-rebeccaetaylor-7f134b32,Rebecca E. Taylor,,,,,,Added from an official CMU directory on 2026-07-17; Scholar ID unresolved.
person-ren-505ace5d,Xi (Charlie) Ren,xJrrWmQAAAAJ,,,,,Verified against an official CMU directory on 2026-07-17.
person-robertdavis-d14389c8,Robert Davis,rW8HHvYAAAAJ,https://engineering.cmu.edu/directory/bios/davis-robert.html,2026-07-17,,https://engineering.cmu.edu/directory/bios/davis-robert.html,Added from an official CMU directory on 2026-07-17; Scholar ID verified from a linked public source on 2026-07-17.
person-robertwhite-a3f3b62a,Robert White,,,,,,Added from an official CMU directory on 2026-07-17; Scholar ID unresolved.
person-robinson-300d9df2,Anne Skaja Robinson,NnIC2iAAAAAJ,,,,,Verified against an official CMU directory on 2026-07-17.
person-rohrer-d34e1f81,Gregory Rohrer,eLe4eJEAAAAJ,,,,,Verified against an official CMU directory on 2026-07-17.
person-rollett-553e9d0d,Anthony Rollett,K5ja68wAAAAJ,,,,,Verified against an official CMU directory on 2026-07-17.
person-ronaldrohrer-b5050713,Ronald Rohrer,,,,,,Added from an official CMU directory on 2026-07-17; Scholar ID unresolved.
person-root-d979b29e,Sheryl Root,,,,,,Verified against an official CMU directory on 2026-07-17.
person-rot-400fa994,Rot,,,,,,Migrated from the legacy map registries; full-name review pending.
person-rounce-757b60af,David Rounce,VcbkS6UAAAAJ,,,,,Verified against an official CMU directory on 2026-07-17.
person-rowe-8a14544b,Anthony Rowe,,,,,,Verified against an official CMU directory on 2026-07-17.
person-ryanjohnson-8e7d318c,Ryan Johnson,Z7ipvCwAAAAJ,https://engineering.cmu.edu/directory/bios/johnson-ryan.html,2026-07-17,,https://engineering.cmu.edu/directory/bios/johnson-ryan.html,Added from an official CMU directory on 2026-07-17; Scholar ID verified from a linked public source on 2026-07-17.
person-saadati-85f60318,Omid Saadati,,,,,,Verified against an official CMU directory on 2026-07-17.
person-salvador-e8decf1a,Paul Salvador,vO15bQkAAAAJ,,,,,Verified against an official CMU directory on 2026-07-17.
person-sampagliarini-0706c694,Sam Pagliarini,YQSZDq8AAAAJ,https://engineering.cmu.edu/directory/bios/pagliarini-samuel-nascimento.html,2026-07-17,,https://engineering.cmu.edu/directory/bios/pagliarini-samuel-nascimento.html,Added from an official CMU directory on 2026-07-17; Scholar ID verified from a linked public source on 2026-07-17.
person-sanders-914e1e77,Sanders,FClnlsgAAAAJ,,,,,Migrated from the legacy map registries; full-name review pending.
person-sankaranarayanan-558872d9,Aswin Sankaranarayanan,UtIervAAAAAJ,,,,,Verified against an official CMU directory on 2026-07-17.
person-sarahcen-d6f0c7c3,Sarah Cen,2BTuWpgAAAAJ,https://shcen.github.io/,2026-07-17,,https://shcen.github.io/,Added from an official CMU directory on 2026-07-17; Scholar ID verified from a linked public source on 2026-07-17.
person-sarahlaiwala-93dac9c8,Sarah Laiwala,,,,,,Added from an official CMU directory on 2026-07-17; Scholar ID unresolved.
person-sarahscheffler-15f7169c,Sarah Scheffler,YPq45Q0AAAAJ,https://engineering.cmu.edu/directory/bios/scheffler-sarah.html,2026-07-17,,https://engineering.cmu.edu/directory/bios/scheffler-sarah.html,Added from an official CMU directory on 2026-07-17; Scholar ID verified from a linked public source on 2026-07-17.
person-saroshtalukdar-96cda550,Sarosh Talukdar,,,,,,Added from an official CMU directory on 2026-07-17; Scholar ID unresolved.
person-saunders-2e4dc827,Saunders,,,,,,Migrated from the legacy map registries; full-name review pending.
person-savvides-d7f3fac4,Marios Savvides,mWpu_ooAAAAJ,,,,,Verified against an official CMU directory on 2026-07-17.
person-schneider-acb081c9,James Schneider,amrrCWAAAAAJ,,,,,Verified against an official CMU directory on 2026-07-17.
person-sekar-e988ffaa,Vyas Sekar,5V852JcAAAAJ,,,,,Verified against an official CMU directory on 2026-07-17.
person-shaikh-2e0f9c29,Karimulla Shaikh,,,,,,Verified against an official CMU directory on 2026-07-17.
person-shen-76bb0c47,Sheng Shen,9KtTt28AAAAJ,,,,,Verified against an official CMU directory on 2026-07-17.
person-shen-a3919bd2,John Shen,pARKzQsAAAAJ,,,,,Verified against an official CMU directory on 2026-07-17.
person-shi-54ba5fa2,Shi,rejzeocAAAAJ,,,,,Migrated from the legacy map registries; full-name review pending.
person-shichuneyao-cbf4ce70,Shi-Chune Yao,,,,,,Added from an official CMU directory on 2026-07-17; Scholar ID unresolved.
person-shimada-13cd6ff1,Kenji Shimada,pgcK25AAAAAJ,,,,,Verified against an official CMU directory on 2026-07-17.
person-shyamalaprayaga-e52447fa,Shyamala Prayaga,,,,,,Added from an official CMU directory on 2026-07-17; Scholar ID unresolved.
person-singh-2529f9f3,Satbir Singh,lViJAdQAAAAJ,,,,,Verified against an official CMU directory on 2026-07-17.
person-sioshansi-3e2fdc2f,Ramteen Sioshansi,pBEw09IAAAAJ,,,,,Verified against an official CMU directory on 2026-07-17.
person-sirbu-ca2c0f3e,Marvin Sirbu,adJ32iMAAAAJ,,,,,Verified against an official CMU directory on 2026-07-17.
person-skirpan-1d86e7ce,Michael Skirpan,6IvhxBkAAAAJ,,,,,Verified against an official CMU directory on 2026-07-17.
person-skowronski-e8507da6,Marek Skowronski,IFFsG-oAAAAJ,,,,,Verified against an official CMU directory on 2026-07-17.
person-slesinger-b9c8ebe5,Sophie Slesinger,,,,,,Verified against an official CMU directory on 2026-07-17.
person-smailagic-9981af04,Smailagic,qMCGI94AAAAJ,,,,,Migrated from the legacy map registries; full-name review pending.
person-smith-7a323ea7,Smith,QXSGNWkAAAAJ,,,,,Migrated from the legacy map registries; full-name review pending.
person-smith-dfd009a4,Matthew A. Smith,mhi9LhkAAAAJ,,,,,Verified against an official CMU directory on 2026-07-17.
person-sokalski-27553d9e,Vincent Sokalski,NmnYW7cAAAAJ,,,,,Verified against an official CMU directory on 2026-07-17.
person-srimani-52f499dc,Tathagata Srimani,NVcyQ3wAAAAJ,,,,,Verified against an official CMU directory on 2026-07-17.
person-sriraman-11f16595,Akshitha Sriraman,y0OuVvAAAAAJ,https://users.ece.cmu.edu/~asrirama/,2026-07-17,,https://users.ece.cmu.edu/~asrirama/,Verified against an official CMU directory on 2026-07-17; Scholar ID verified from a linked public source on 2026-07-17.
person-steenkiste-1644722f,Peter Steenkiste,DK7TEvkAAAAJ,,,,,Verified against an official CMU directory on 2026-07-17.
person-stefanieasydlik-a410343f,Stefanie A. Sydlik,,,,,,Added from an official CMU directory on 2026-07-17; Scholar ID unresolved.
person-stern-0c0f687c,Richard Stern,ffUu1PcAAAAJ,,,,,Verified against an official CMU directory on 2026-07-17.
person-stevegaroff-22046197,Steve Garoff,,,,,,Added from an official CMU directory on 2026-07-17; Scholar ID unresolved.
person-stewartisaacs-9942cf07,Stewart Isaacs,FCfLtKgAAAAJ,https://engineering.cmu.edu/directory/bios/isaacs-stewart.html,2026-07-17,,https://engineering.cmu.edu/directory/bios/isaacs-stewart.html,Added from an official CMU directory on 2026-07-17; Scholar ID verified from a linked public source on 2026-07-17.
person-sudgen-e5b0343e,Sudgen,,,,,,Migrated from the legacy map registries; full-name review pending.
person-sujiang-8d09c821,Su Jiang,M9oFDycAAAAJ,https://engineering.cmu.edu/directory/bios/jiang-su.html,2026-07-17,,https://engineering.cmu.edu/directory/bios/jiang-su.html,Added from an official CMU directory on 2026-07-17; Scholar ID verified from a linked public source on 2026-07-17.
person-sullivan-16d4ae28,Tom Sullivan,,,,,,Verified against an official CMU directory on 2026-07-17.
person-sullivan-589c9545,Ryan Sullivan,wXSgFr4AAAAJ,,,,,Verified against an official CMU directory on 2026-07-17.
person-susanasteppan-390a6ad0,Susana Steppan,,,,,,Added from an official CMU directory on 2026-07-17; Scholar ID unresolved.
person-szafron-1290fc07,Jason Szafron,gbVHsS0AAAAJ,,,,,Verified against an official CMU directory on 2026-07-17.
person-taborga-a8dc05b6,Jorge Taborga,,,,,,Verified against an official CMU directory on 2026-07-17.
person-tague-1b94d56e,Patrick Tague,OiDWDQUAAAAJ,,,,,Verified against an official CMU directory on 2026-07-17.
person-tahakhan-f7c33fa5,Taha Khan,,,,,,Added from an official CMU directory on 2026-07-17; Scholar ID unresolved.
person-taheri-mousavi-3fc3c40e,Mohadeseh Taheri-Mousavi,G5ZrIsIAAAAJ,,,,,Verified against an official CMU directory on 2026-07-17.
person-tang-cc63d18f,Pingbo Tang,U43hPn8AAAAJ,,,,,Verified against an official CMU directory on 2026-07-17.
person-taylor-e347ee6b,Rebecca Taylor,eDzzGUQAAAAJ,,,,,Verified against an official CMU directory on 2026-07-17.
person-telang-a5ad3467,Telang,,,,,,Migrated from the legacy map registries; full-name review pending.
person-thomas-f531a8ff,Ravi Thomas,,,,,,Verified against an official CMU directory on 2026-07-17.
person-thompson-1b8a376e,Thompson,,,,,,Migrated from the legacy map registries; full-name review pending.
person-thornburg-692fdbef,Jesse Thornburg,vVhcBXoAAAAJ,,,,,Verified against an official CMU directory on 2026-07-17.
person-tilton-3ee635e8,Robert D. Tilton,LNwlI-8AAAAJ,https://engineering.cmu.edu/directory/bios/tilton-robert.html,2026-07-17,,https://engineering.cmu.edu/directory/bios/tilton-robert.html,Verified against an official CMU directory on 2026-07-17; Added from an official CMU directory on 2026-07-17; Merged duplicate registry identity person-robertdtilton-ddf75897 on 2026-07-17; Scholar ID verified from a linked public source on 2026-07-17.
person-timothyverstynen-f3490551,Timothy Verstynen,rjPNIhkAAAAJ,https://www.cmu.edu/news/experts/timothy.verstynen,2026-07-17,,https://www.cmu.edu/news/experts/timothy.verstynen,Added from an official CMU directory on 2026-07-17; Scholar ID verified from a linked public source on 2026-07-17.
person-toerien-5ee4e414,Toerien,,,,,,Migrated from the legacy map registries; full-name review pending.
person-tonguz-7107a4dd,Ozan Tonguz,,,,,,Verified against an official CMU directory on 2026-07-17.
person-torres-f3047bdc,Ana Inés Torres,8xQ5wR4AAAAJ,,,,,Verified against an official CMU directory on 2026-07-17.
person-towe-a7ced21f,Elias Towe,,,,,,Verified against an official CMU directory on 2026-07-17.
person-tucker-dc4f5923,Conrad Tucker,8N6uFIkAAAAJ,,,,,Verified against an official CMU directory on 2026-07-17.
person-ulissi-c727254a,Ulissi,E0tlVgQAAAAJ,,,,,Migrated from the legacy map registries; full-name review pending.
person-umuhoza-7a04ba41,Eric Umuhoza,rcGIhfMAAAAJ,,,,,Verified against an official CMU directory on 2026-07-17.
person-varodayan-84666bbe,David Varodayan,kyxpmt8AAAAJ,,,,,Verified against an official CMU directory on 2026-07-17.
person-vchen-9b5c7f9b,Vanessa Chen,hkAq-IIAAAAJ,,,,,Verified against an official CMU directory on 2026-07-17.
person-vernon-cb39dcf1,Vernon,gcqbMxAAAAAJ,,,,,Migrated from the legacy map registries; full-name review pending.
person-wahby-90f4c78c,Riad Wahby,cwIxVGgAAAAJ,,,,,Verified against an official CMU directory on 2026-07-17.
person-wang-2051cd94,Gerald Wang,VH21b7cAAAAJ,,,,,Verified against an official CMU directory on 2026-07-17.
person-wang-685e2f11,Liwei Wang,VPWy3N8AAAAJ,,,,,Verified against an official CMU directory on 2026-07-17.
person-wang-ebfb2368,Yu-li Wang,E2N0GsIAAAAJ,,,,,Verified against an official CMU directory on 2026-07-17.
person-warrengarrison-657e67f6,Warren Garrison,,,,,,Added from an official CMU directory on 2026-07-17; Scholar ID unresolved.
person-washburn-3a49d96a,Newell R. Washburn,ctYLFRIAAAAJ,,,,,Verified against an official CMU directory on 2026-07-17.
person-wayne-7ded72b5,Wayne,_7HjzLYAAAAJ,,,,,Migrated from the legacy map registries; full-name review pending.
person-weber-04119f6b,Douglas J. Weber,7iFu3a4AAAAJ,https://engineering.cmu.edu/directory/bios/weber-douglas.html,2026-07-17,,https://engineering.cmu.edu/directory/bios/weber-douglas.html,Verified against an official CMU directory on 2026-07-17; Added from an official CMU directory on 2026-07-17; Merged duplicate registry identity person-douglasjweber-ffdf1a19 on 2026-07-17; Scholar ID verified from a linked public source on 2026-07-17.
person-webler-af4b5216,Bryan Webler,MFLMm8YAAAAJ,,,,,Verified against an official CMU directory on 2026-07-17.
person-webster-wood-d2b08d26,Victoria Webster-Wood,jW3whJYAAAAJ,,,,,Verified against an official CMU directory on 2026-07-17.
person-whitacre-a4124162,Jay Whitacre,NIaQAAUAAAAJ,,,,,Verified against an official CMU directory on 2026-07-17.
person-whitefoot-92d162cb,Kate Whitefoot,3W2VK5sAAAAJ,,,,,Verified against an official CMU directory on 2026-07-17.
person-whitehead-f74964e3,Kathryn Whitehead,zKKBwB4AAAAJ,,,,,Verified against an official CMU directory on 2026-07-17.
person-wiecha-63b6a98d,Wiecha,wgrJnDgAAAAJ,,,,,Migrated from the legacy map registries; full-name review pending.
person-wlodarski-430ec9b1,Rafal Wlodarski,,,,,,Verified against an official CMU directory on 2026-07-17.
person-wood-0659efc9,Sossena Wood,qC52bkkAAAAJ,,,,,Verified against an official CMU directory on 2026-07-17.
person-woolsey-491f86a5,Kristi Woolsey,,,,,,Verified against an official CMU directory on 2026-07-17.
person-yagan-7c6acaa4,Osman Yağan,XtTBo1AAAAAJ,,,,,Verified against an official CMU directory on 2026-07-17.
person-yongjiejessicazhang-5b7f2c04,Yongjie Jessica Zhang,,,,,,Added from an official CMU directory on 2026-07-17; Scholar ID unresolved.
person-yongxinleonzhao-ee657c1e,Yongxin (Leon) Zhao,eMZvqqAAAAAJ,https://labs.bio.cmu.edu/zhao/people/yongxin-zhao-ph-d/,2026-07-17,,https://labs.bio.cmu.edu/zhao/people/yongxin-zhao-ph-d/,Added from an official CMU directory on 2026-07-17; Scholar ID verified from a linked public source on 2026-07-17.
person-youssfi-452e51ed,Ziad Youssfi,,,,,,Verified against an official CMU directory on 2026-07-17.
person-yu-2318284f,Phillip Yu,,,,,,Verified against an official CMU directory on 2026-07-17.
person-yu-f6b9b7db,Byron Yu,Fz3_tukAAAAJ,,,,,Verified against an official CMU directory on 2026-07-17.
person-zackoryerickson-7430abb2,Zackory Erickson,wElkTtIAAAAJ,https://www.cmu.edu/bme/People/Faculty/profile/zerickson.html,2026-07-17,,https://www.cmu.edu/bme/People/Faculty/profile/zerickson.html,Added from an official CMU directory on 2026-07-17; Scholar ID verified from a linked public source on 2026-07-17.
person-zajdel-c0cb5464,Tom Zajdel,XDT0iaUAAAAJ,,,,,Verified against an official CMU directory on 2026-07-17.
person-zapanta-5293b7b5,Conrad M. Zapanta,Jobeqc8AAAAJ,https://engineering.cmu.edu/directory/bios/zapanta-conrad.html,2026-07-17,,https://engineering.cmu.edu/directory/bios/zapanta-conrad.html,Verified against an official CMU directory on 2026-07-17; Scholar ID verified from a linked public source on 2026-07-17.
person-zeyneptemel-b869d8a9,Zeynep Temel,3mSNkMkAAAAJ,https://www.cmu.edu/bme/People/Faculty/profile/ztemel.html,2026-07-17,,https://www.cmu.edu/bme/People/Faculty/profile/ztemel.html,Added from an official CMU directory on 2026-07-17; Scholar ID verified from a linked public source on 2026-07-17.
person-zhang-96ead879,Jessica Zhang,dzHYBKcAAAAJ,,,,,Verified against an official CMU directory on 2026-07-17.
person-zhang-d6e221d7,Xu Zhang,y881pqMAAAAJ,https://research.ece.cmu.edu/zhanglab/index.html,2026-07-17,,https://research.ece.cmu.edu/zhanglab/index.html,Verified against an official CMU directory on 2026-07-17; Scholar ID verified from a linked public source on 2026-07-17.
person-zhao-f1ed811c,Ding Zhao,z7tPc9IAAAAJ,,,,,Verified against an official CMU directory on 2026-07-17.
person-zheng-6b8a962f,Siyang Zheng,5EewAB0AAAAJ,,,,,Verified against an official CMU directory on 2026-07-17.
person-zhu-23d54a0c,Jimmy Zhu,ZJnhH6oAAAAJ,https://engineering.cmu.edu/directory/bios/zhu-jiangang.html,2026-07-18,,https://engineering.cmu.edu/directory/bios/zhu-jiangang.html,Scholar ID verified from the official CMU Engineering profile on 2026-07-18.
person-zlotnikov-f28b3cde,Susanna Zlotnikov,,,,,,Verified against an official CMU directory on 2026-07-17.
